id,name,model_id:id,group_id:id,perm_read,perm_write,perm_create,perm_unlink
access_account_asset_tax_class_user,account.asset.tax.class user,model_account_asset_tax_class,account.group_account_user,1,0,0,0
access_account_asset_tax_class_manager,account.asset.tax.class manager,model_account_asset_tax_class,account.group_account_manager,1,1,1,1
access_account_asset_tax_line_user,account.asset.tax.line user,model_account_asset_tax_line,account.group_account_user,1,0,0,0
access_account_asset_tax_line_manager,account.asset.tax.line manager,model_account_asset_tax_line,account.group_account_manager,1,1,1,1
access_account_asset_tax_event_user,account.asset.tax.event user,model_account_asset_tax_event,account.group_account_user,1,0,0,0
access_account_asset_tax_event_manager,account.asset.tax.event manager,model_account_asset_tax_event,account.group_account_manager,1,1,1,1
access_account_asset_tax_compute_manager,account.asset.tax.compute manager,model_account_asset_tax_compute,account.group_account_manager,1,1,1,1
access_account_asset_tax_event_wizard_manager,account.asset.tax.event.wizard manager,model_account_asset_tax_event_wizard,account.group_account_manager,1,1,1,1
access_account_asset_tax_reconciliation_manager,account.asset.tax.reconciliation manager,model_account_asset_tax_reconciliation,account.group_account_manager,1,1,1,1
access_account_asset_tax_reconciliation_line_manager,account.asset.tax.reconciliation.line manager,model_account_asset_tax_reconciliation_line,account.group_account_manager,1,1,1,1
access_account_asset_tax_backfill_manager,account.asset.tax.backfill manager,model_account_asset_tax_backfill,account.group_account_manager,1,1,1,1
access_account_asset_tax_close_year_manager,account.asset.tax.close.year manager,model_account_asset_tax_close_year,account.group_account_manager,1,1,1,1
