s001	SPOLU MAJETOK
s002	A. Neobežný majetok
s003	A.I. Dlhodobý nehmotný majetok súčet
s004	A.I.1. Aktivované náklady na vývoj
s005	2. Softvér
s006	3. Oceniteľné práva
s007	4. Goodwill
s008	5. Ostatný dlhodobý nehmotný majetok
s009	6. Obstarávaný dlhodobý nehmotný majetok
s010	7. Poskytnuté preddavky na dlhodobý nehmotný majetok
s011	A.II. Dlhodobý hmotný majetok súčet
s012	A.II.1. Pozemky
s013	2. Stavby
s014	3. Samostatné hnuteľné veci a súbory hnuteľných vecí
s015	4. Pestovateľské celky trvalých porastov
s016	5. Základné stádo a ťažné zvieratá
s017	6. Ostatný dlhodobý hmotný majetok
s018	7. Obstarávaný dlhodobý hmotný majetok
s019	8. Poskytnuté preddavky na dlhodobý hmotný majetok
s020	9. Opravná položka k nadobudnutému majetku
s021	A.III. Dlhodobý finančný majetok súčet
s022	A.III.1. Podielové cenné papiere a podiely v prepojených účtovných jednotkách
s023	2. Podielové cenné papiere a podiely s podielovou účasťou okrem v prepojených účtovných jednotkách
s024	3. Ostatné realizovateľné cenné papiere a podiely
s025	4. Pôžičky prepojeným účtovným jednotkám
s026	5. Pôžičky v rámci podielovej účasti okrem prepojeným účtovným jednotkám
s027	6. Ostatné pôžičky
s028	7. Dlhové cenné papiere a ostatný dlhodobý finančný majetok
s029	8. dlhodobý finančný majetok so zostatkovou dobou splatnosti najviac jeden rok
s030	9. Účty v bankách s dobou viazanosti dlhšou ako jeden rok
s031	10. Obstarávaný dlhodobý finančný majetok
s032	11. Poskytnuté preddavky na dlhodobý finančný majetok
s033	B. Obežný majetok
s034	B.I. Zásoby súčet
s035	B.I.1. Materiál
s036	2. Nedokončená výroba a polotovary vlastnej výroby
s037	3. Výrobky
s038	4. Zvieratá
s039	5. Tovar
s040	6. Poskytnuté preddavky na zásoby
s041	B.II. Dlhodobé pohľadávky súčet
s042	B.II.1. Pohľadávky z obchodného styku súčet
s043	1.a. Pohľadávky z obchodného styku voči prepojeným účtovným jednotkám
s044	1.b. Pohľadávky z obchodného styku v rámci podielovej účasti okrem pohľadávok voči prepojeným účtovným jednotkám
s045	1.c. Ostatné pohľadávky z obchodného styku
s046	2. Čistá hodnota zákazky
s047	3. Ostatné pohľadávky voči prepojeným účtovným jednotkám
s048	4. Ostatné pohľadávky v rámci podielovej účasti okrem pohľadávok voči prepojeným účtovným jednotkám
s049	5. Pohľadávky voči spoločníkom, členom a združeniu
s050	6. Pohľadávky z derivátových operácií
s051	7. Iné pohľadávky
s052	8. Odložená daňová pohľadávka
s053	B.III. Krátkodobé pohľadávky súčet
s054	B.III.1. Pohľadávky z obchodného styku súčet
s055	1.a. Pohľadávky z obchodného styku voči prepojeným účtovným jednotkám
s056	1.b. Pohľadávky z obchodného styku v rámci podielovej účasti okrem pohľadávok voči prepojeným účtovným jednotkám
s057	1.c. Ostatné pohľadávky z obchodného styku
s058	2. Čistá hodnota zákazky
s059	3. Ostatné pohľadávky voči prepojeným účtovným jednotkám
s060	4. Ostatné pohľadávky v rámci podielovej účasti okrem pohľadávok voči prepojeným účtovným jednotkám
s061	5. Pohľadávky voči spoločníkom, členom a združeniu
s062	6. Sociálne poistenie
s063	7. Daňové pohľadávky a dotácie
s064	8. Pohľadávky z derivátových operácií
s065	9. Iné pohľadávky
s066	B.IV. Krátkodobý finančný majetok súčet
s067	B.IV.1. Krátkodobý finančný majetok v prepojených účtovných jednotkách
s068	2. Krátkodobý finančný majetok bez krátkodobého finančného majetku v prepojených účtovných jednotkách
s069	3. Vlastné akcie a vlastné obchodné podiely
s070	4. Obstarávaný krátkodobý finančný majetok
s071	B.V. Finančné účty
s072	B.V.1. Peniaze
s073	2. Účty v bankách (221A, 22X,
s074	C. Časové rozlíšenie súčet
s075	C.1. Náklady budúcich období dlhodobé
s076	2. Náklady budúcich období krátkodobé
s077	3. Príjmy budúcich období dlhodobé
s078	4. Príjmy budúcich období krátkodobé
s079	SPOLU VLASTNÉ IMANIE A ZÁVÄZKY
s080	A. Vlastné imanie
s081	A.I. Základné imanie súčet
s082	A.I.1. Základné imanie (411 alebo
s083	2. Zmena základného imania
s084	3. Pohľadávky za upísané vlastné imanie
s085	A.II. Emisné ážio
s086	A.III. Ostatné kapitálové fondy
s087	A.IV. Zákonné rezervné fondy
s088	A.IV.1. Zákonný rezervný fond a nedeliteľný fond
s089	2. Rezervný fond na vlastné akcie a vlastné podiely
s090	A.V. Ostatné fondy zo zisku
s091	A.V.1. Štatutárne fondy
s092	2. Ostatné fondy
s093	A.VI. Oceňovacie rozdiely z precenenia súčet
s094	A.VI.1. Oceňovacie rozdiely z precenenia majetku a záväzkov
s095	2. Oceňovacie rozdiely z kapitálových účastín
s096	3. Oceňovacie rozdiely z precenenia pri zlúčení, splynutí a rozdelení
s097	A.VII. Výsledok hospodárenia minulých rokov
s098	A.VII.1. Nerozdelený zisk minulých rokov
s099	2. Neuhradená strata minulých rokov
s100	A.VIII. Výsledok hospodárenia za účtovné obdobie po zdanení /+-/
s101	B. Záväzky
s102	B.I. Dlhodobé záväzky súčet
s103	B.I.1. Dlhodobé záväzky z obchodného styku súčet
s104	1.a. Záväzky z obchodného styku voči prepojeným účtovným jednotkám
s105	1.b. Záväzky z obchodného styku v rámci podielovej účasti okrem záväzkov voči prepojeným účtovným jednotkám
s106	1.c. Ostatné záväzky z obchodného styku
s107	2. Čistá hodnota zákazky
s108	3. Ostatné záväzky voči prepojeným účtovným jednotkám
s109	4. Ostatné záväzky v rámci podielovej účasti okrem záväzkov voči prepojeným účtovným jednotkám
s110	5. Ostatné dlhodobé záväzky
s111	6. Dlhodobé prijaté preddavky
s112	7. Dlhodobé zmenky na úhradu
s113	8. Vydané dlhopisy (473A/
s114	9. Záväzky zo sociálneho fondu
s115	10. Iné dlhodobé záväzky
s116	11. Dlhodobé záväzky z derivátových operácií
s117	12. Odložený daňový záväzok
s118	B.II. Dlhodobé rezervy
s119	B.II.1. Zákonné rezervy
s120	2. Ostatné rezervy
s121	B.III. Dlhodobé bankové úvery
s122	B.IV. Krátkodobé záväzky súčet
s123	B.IV.1. Záväzky z obchodného styku súčet
s124	1.a. Záväzky z obchodného styku voči prepojeným účtovným jednotkám
s125	Záväzky z obchodného styku v rámci podielovej 1.b. účasti okrem záväzkov voči prepojeným účtovným jednotkám
s126	1.c. Ostatné záväzky z obchodného styku
s127	2. Čistá hodnota zákazky
s128	3. Ostatné záväzky voči prepojeným účtovným jednotkám
s129	4. Ostatné záväzky v rámci podielovej účasti okrem záväzkov voči prepojeným účtovným jednotkám
s130	5. Záväzky voči spoločníkom a združeniu
s131	6. Záväzky voči zamestnancom
s132	7. Záväzky zo sociálneho poistenia
s133	8. Daňové záväzky a dotácie
s134	9. Záväzky z derivátových operácií
s135	10. Iné záväzky
s136	B.V. Krátkodobé rezervy
s137	B.V.1. Zákonné rezervy
s138	2. Ostatné rezervy
s139	B.VI. Bežné bankové úvery
s140	B.VII. Krátkodobé finančné výpomoci (241, 249, 24X, 473A, /
s141	C. Časové rozlíšenie súčet
s142	C.1. Výdavky budúcich období dlhodobé
s143	2. Výdavky budúcich období krátkodobé
s144	3. Výnosy budúcich období dlhodobé
s145	4. Výnosy budúcich období krátkodobé
v01	* Čistý obrat (časť účt. tr. 6 podľa zákona)
v02	** Výnosy z hospodárskej činnosti spolu súčet
v03	I. Tržby z predaja tovaru
v04	II. Tržby z predaja vlastných výrobkov
v05	III. Tržby z predaja služieb
v06	IV. Zmeny stavu vnútroorganizačných zásob
v07	V. Aktivácia (účtová skupina 62) Tržby z predaja dlhodobého nehmotného
v08	VI. majetku, dlhodobého hmotného majetku a materiálu
v09	VII. Ostatné výnosy z hospodárskej činnosti
v10	** Náklady na hospodársku činnosť spolu
v11	A. Náklady vynaložené na obstaranie predaného tovaru
v12	B. Spotreba materiálu, energie a ostatných neskladovateľných dodávok
v13	C. Opravné položky k zásobám
v14	D. Služby (účtová skupina 51)
v15	E. Osobné náklady
v16	E.1. Mzdové náklady
v17	2. Odmeny členom orgánov spoločnosti a družstva
v18	3. Náklady na sociálne poistenie
v19	4. Sociálne náklady
v20	F. Dane a poplatky (účtová skupina 53) Odpisy a opravné položky k dlhodobému
v21	G. nehmotnému majetku a dlhodobému hmotnému majetku
v22	G.1. Odpisy dlhodobého nehmotného majetku a dlhodobého hmotného majetku
v23	2. Opravné položky k dlhodobému nehmotnému majetku a dlhodobému hmotnému majetku
v24	H. Zostatková cena predaného dlhodobého majetku a predaného materiálu
v25	I. Opravné položky k pohľadávkam
v26	J. Ostatné náklady na hospodársku činnosť
v27	*** Výsledok hospodárenia z hospodárskej činnosti (+/-)
v28	* Pridaná hodnota
v29	** Výnosy z finančnej činnosti spolu
v30	VIII. Tržby z predaja cenných papierov a podielov
v31	IX. Výnosy z dlhodobého finančného majetku súčet
v32	IX.1. Výnosy z cenných papierov a podielov od prepojených účtovných jednotiek
v33	2. Výnosy z cenných papierov a podielov v podielovej účasti okrem výnosov prepojených účtovných jednotiek
v34	3. Ostatné výnosy z cenných papierov a podielov
v35	X. Výnosy z krátkodobého finančného majetku súčet
v36	X.1. Výnosy z krátkodobého finančného majetku od prepojených účtovných jednotiek
v37	2. Výnosy z krátkodobého finančného majetku v podielovej účasti okrem výnosov prepojených účtovných jednotiek
v38	3. Ostatné výnosy z krátkodobého finančného majetku
v39	XI. Výnosové úroky
v40	XI.1. Výnosové úroky od prepojených účtovných jednotiek
v41	2. Ostatné výnosové úroky
v42	XII. Kurzové zisky
v43	XIII. Výnosy z precenenia cenných papierov a výnosy z derivátových operácií
v44	XIV. Ostatné výnosy z finančnej činnosti
v45	** Náklady na finančnú činnosť spolu
v46	K. Predané cenné papiere a podiely
v47	L. Náklady na krátkodobý finančný majetok
v48	M. Opravné položky k finančnému majetku
v49	N. Nákladové úroky
v50	N.1. Nákladové úroky pre prepojené účtovné jednotky
v51	2. Ostatné nákladové úroky
v52	O. Kurzové straty
v53	P. Náklady na precenenie cenných papierov a náklady na derivátové operácie
v54	Q. Ostatné náklady na finančnú činnosť
v55	*** Výsledok hospodárenia z finančnej činnosti (+/-)
v56	**** Výsledok hospodárenia za účtovné obdobie pred zdanením (+/-)
v57	R. Daň z príjmov
v58	R.1. Daň z príjmov splatná
v59	2. Daň z príjmov odložená
v60	S. Prevod podielov na výsledku hospodárenia spoločníkom
v61	**** Výsledok hospodárenia za účtovné obdobie po zdanení
