"id","name","name@sk","amount","amount_type","type_tax_use","tax_group_id","repartition_line_ids/repartition_type","repartition_line_ids/document_type","repartition_line_ids/account_id","repartition_line_ids/factor_percent","repartition_line_ids/tag_ids"
"vs_auto_23","23% VEHICLE (50% deduction)","23 % vozidlo (50 % odpočet)","23.0","percent","purchase","tax_group_vat_23","base","invoice","","",""
"","","","","","","","tax","invoice","chart_sk_343120","50.0","21"
"","","","","","","","tax","invoice","chart_sk_548000","50.0",""
"","","","","","","","base","refund","","",""
"","","","","","","","tax","refund","chart_sk_343120","50.0","28"
"","","","","","","","tax","refund","chart_sk_548000","50.0",""
"vs_auto_19","19% VEHICLE (50% deduction)","19 % vozidlo (50 % odpočet)","19.0","percent","purchase","tax_group_vat_19","base","invoice","","",""
"","","","","","","","tax","invoice","chart_sk_343120","50.0","20"
"","","","","","","","tax","invoice","chart_sk_548000","50.0",""
"","","","","","","","base","refund","","",""
"","","","","","","","tax","refund","chart_sk_343120","50.0","28"
"","","","","","","","tax","refund","chart_sk_548000","50.0",""
