veta,c_radku,oznaceni,rozsah,text
UA,1,,PZM,AKTIVA CELKEM
UA,2,A.,PZM,Pohledávky za upsaný základní kapitál
UA,3,B.,PZM,Stálá aktiva
UA,4,B.I.,PZ,Dlouhodobý nehmotný majetek
UA,5,B.I.1.,P,Nehmotné výsledky vývoje
UA,6,B.I.2.,P,Ocenitelná práva
UA,7,B.I.2.1.,P,Software
UA,8,B.I.2.2.,P,Ostatní ocenitelná práva
UA,9,B.I.3.,P,Goodwill
UA,10,B.I.4,P,Ostatní dlouhodobý nehmotný majetek
UA,11,B.I.5.,P,Poskytnuté zálohy na dlouhodobý nehmotný majetek a nedokončený dlouhodobý nehmotný majetek
UA,12,B.I.5.1.,P,Poskytnuté zálohy na dlouhodobý nehmotný majetek
UA,13,B.I.5.2.,P,Nedokončený dlouhodobý nehmotný majetek
UA,14,B.II.,PZ,Dlouhodobý hmotný majetek
UA,15,B.II.1.,P,Pozemky a stavby
UA,16,B.II.1.1.,P,Pozemky
UA,17,B.II.1.2.,P,Stavby
UA,18,B.II.2.,P,Hmotné movité věci a jejich soubory
UA,19,B.II.3.,P,Oceňovací rozdíl k nabytému majetku
UA,20,B.II.4.,P,Ostatní dlouhodobý hmotný majetek
UA,21,B.II.4.1.,P,Pěstitelské celky trvalých porostů
UA,22,B.II.4.2.,P,Dospělá zvířata a jejich skupiny
UA,23,B.II.4.3.,P,Jiný dlouhodobý hmotný majetek
UA,24,B.II.5.,P,Poskytnuté zálohy na dlouhodobý hmotný majetek a nedokončený dlouhodobý hmotný majetek
UA,25,B.II.5.1,P,Poskytnuté zálohy na dlouhodobý hmotný majetek
UA,26,B.II.5.2.,P,Nedokončený dlouhodobý hmotný majetek
UA,27,B.III.,PZ,Dlouhodobý finanční majetek
UA,28,B.III.1.,P,Podíly - ovládaná nebo ovládající osoba
UA,29,B.III.2.,P,Zápůjčky a úvěry - ovládaná nebo ovládající osoba
UA,30,B.III.3,P,Podíly - podstatný vliv
UA,31,B.III.4.,P,Zápůjčky a úvěry - podstatný vliv
UA,32,B.III.5.,P,Ostatní dlouhodobé cenné papíry a podíly
UA,33,B.III.6.,P,Zápůjčky a úvěry - ostatní
UA,34,B.III.7.,P,Ostatní dlouhodobý finanční majetek
UA,35,B.III.7.1.,P,Jiný dlouhodobý finanční majetek
UA,36,B.III.7.2.,P,Poskytnuté zálohy na dlouhodobý finanční majetek
UA,37,C.,PZM,Oběžná aktiva
UA,38,C.I.,PZ,Zásoby
UA,39,C.I.1.,P,Materiál
UA,40,C.I.2.,P,Nedokončená výroba a polotovary
UA,41,C.I.3,P,Výrobky a zboží
UA,42,C.I.3.1.,P,Výrobky
UA,43,C.I.3.2.,P,Zboží
UA,44,C.I.4.,P,Mladá a ostatní zvířata a jejich skupiny
UA,45,C.I.5.,P,Poskytnuté zálohy na zásoby
UA,46,C.II.,PZ,Pohledávky
UA,47,C.II.1.,PZ,Dlouhodobé pohledávky
UA,48,C.II.1.1.,P,Pohledávky z obchodních vztahů
UA,49,C.II.1.2.,P,Pohledávky - ovládaná nebo ovládající osoba
UA,50,C.II.1.3.,P,Pohledávky - podstatný vliv
UA,51,C.II.1.4.,P,Odložená daňová pohledávka
UA,52,C.II.1.5.,P,Pohledávky - ostatní
UA,53,C.II.1.5.1.,P,Pohledávky za společníky
UA,54,C.II.1.5.2.,P,Dlouhodobé poskytnuté zálohy
UA,55,C.II.1.5.3.,P,Dohadné účty aktivní
UA,56,C.II.1.5.4.,P,Jiné pohledávky
UA,57,C.II.2.,PZ,Krátkodobé pohledávky
UA,58,C.II.2.1.,P,Pohledávky z obchodních vztahů
UA,59,C.II.2.2.,P,Pohledávky - ovládaná nebo ovládající osoba
UA,60,C.II.2.3.,P,Pohledávky - podstatný vliv
UA,61,C.II.2.4.,P,Pohledávky - ostatní
UA,62,C.II.2.4.1.,P,Pohledávky za společníky
UA,63,C.II.2.4.2.,P,Sociální zabezpečení a zdravotní pojištění
UA,64,C.II.2.4.3.,P,Stát - daňové pohledávky
UA,65,C.II.2.4.4.,P,Krátkodobé poskytnuté zálohy
UA,66,C.II.2.4.5.,P,Dohadné účty aktivní
UA,67,C.II.2.4.6.,P,Jiné pohledávky
UA,78,C.II.3.,PZ,Časové rozlišení aktiv
UA,79,C.II.3.1.,P,Náklady příštích období
UA,80,C.II.3.2.,P,Komplexní náklady příštích období
UA,81,C.II.3.3.,P,Příjmy příštích období
UA,68,C.III.,PZ,Krátkodobý finanční majetek
UA,69,C.III.1.,P,Podíly - ovládaná nebo ovládající osoba
UA,70,C.III.2.,P,Ostatní krátkodobý finanční majetek
UA,71,C.IV.,PZ,Peněžní prostředky
UA,72,C.IV.1.,P,Peněžní prostředky v pokladně
UA,73,C.IV.2.,P,Peněžní prostředky na účtech
UA,74,D.,PZM,Časové rozlišení aktiv
UA,75,D.1.,P,Náklady příštích období
UA,76,D.2.,P,Komplexní náklady příštích období
UA,77,D.3.,P,Příjmy příštích období
UD,1,,PZM,PASIVA CELKEM
UD,2,A.,PZM,Vlastní kapitál
UD,3,A.I.,PZ,Základní kapitál
UD,4,A.I.1.,P,Základní kapitál
UD,5,A.I.2.,P,Vlastní podíly (-)
UD,6,A.I.3.,P,Změny základního kapitálu
UD,7,A.II.,PZ,Ážio a kapitálové fondy
UD,8,A.II.1.,P,Ážio
UD,9,A.II.2.,P,Kapitálové fondy
UD,10,A.II.2.1.,P,Ostatní kapitálové fondy
UD,11,A.II.2.2.,P,Oceňovací rozdíly z přecenění majetku a závazků (+/-)
UD,12,A.II.2.3.,P,Oceňovací rozdíly z přecenění při přeměnách obchodních korporací (+/-)
UD,13,A.II.2.4.,P,Rozdíly z přeměn obchodních korporací (+/-)
UD,14,A.II.2.5.,P,Rozdíly z ocenění při přeměnách obchodních korporací (+/-)
UD,15,A.III.,PZ,Fondy ze zisku
UD,16,A.III.1.,P,Ostatní rezervní fondy
UD,17,A.III.2.,P,Statutární a ostatní fondy
UD,18,A.IV.,PZ,Výsledek hospodaření minulých let (+/-)
UD,19,A.IV.1.,P,Nerozdělený zisk nebo neuhrazená ztráta minulých let (+/-)
UD,21,A.IV.2.,P,Jiný výsledek hospodaření minulých let (+/-)
UD,22,A.V,PZ,Výsledek hospodaření běžného účetního období (+/-)
UD,23,A.VI.,PZ,Rozhodnuto o zálohové výplatě podílu na zisku (-)
UD,24,B.+C.,PZM,Cizí zdroje
UD,25,B.,PZM,Rezervy
UD,26,B.1.,P,Rezerva na důchody a podobné závazky
UD,27,B.2.,P,Rezerva na daň z příjmů
UD,28,B.3.,P,Rezervy podle zvláštních právních předpisů
UD,29,B.4.,P,Ostatní rezervy
UD,30,C.,PZM,Závazky
UD,31,C.I.,PZ,Dlouhodobé závazky
UD,32,C.I.1.,P,Vydané dluhopisy
UD,33,C.I.1.1.,P,Vyměnitelné dluhopisy
UD,34,C.I.1.2.,P,Ostatní dluhopisy
UD,35,C.I.2.,P,Závazky k úvěrovým institucím
UD,36,C.I.3.,P,Dlouhodobé přijaté zálohy
UD,37,C.I.4.,P,Závazky z obchodních vztahů
UD,38,C.I.5.,P,Dlouhodobé směnky k úhradě
UD,39,C.I.6.,P,Závazky - ovládaná nebo ovládající osoba
UD,40,C.I.7.,P,Závazky - podstatný vliv
UD,41,C.I.8.,P,Odložený daňový závazek
UD,42,C.I.9.,P,Závazky - ostatní
UD,43,C.I.9.1.,P,Závazky ke společníkům
UD,44,C.I.9.2.,P,Dohadné účty pasivní
UD,45,C.I.9.3.,P,Jiné závazky
UD,46,C.II.,PZ,Krátkodobé závazky
UD,47,C.II.1.,P,Vydané dluhopisy
UD,48,C.II.1.1.,P,Vyměnitelné dluhopisy
UD,49,C.II.1.2.,P,Ostatní dluhopisy
UD,50,C.II.2.,P,Závazky k úvěrovým institucím
UD,51,C.II.3.,P,Krátkodobé přijaté zálohy
UD,52,C.II.4.,P,Závazky z obchodních vztahů
UD,53,C.II.5.,P,Krátkodobé směnky k úhradě
UD,54,C.II.6.,P,Závazky - ovládaná nebo ovládající osoba
UD,55,C.II.7.,P,Závazky - podstatný vliv
UD,56,C.II.8.,P,Závazky ostatní
UD,57,C.II.8.1.,P,Závazky ke společníkům
UD,58,C.II.8.2.,P,Krátkodobé finanční výpomoci
UD,59,C.II.8.3.,P,Závazky k zaměstnancům
UD,60,C.II.8.4.,P,Závazky ze sociálního zabezpečení a zdravotního pojištění
UD,61,C.II.8.5.,P,Stát - daňové závazky a dotace
UD,62,C.II.8.6.,P,Dohadné účty pasivní
UD,63,C.II.8.7.,P,Jiné závazky
UD,67,C.III.,PZ,Časové rozlišení pasiv
UD,68,C.III.1.,P,Výdaje příštích období
UD,69,C.III.2.,P,Výnosy příštích období
UD,64,D.,PZM,Časové rozlišení pasiv
UD,65,D.1.,P,Výdaje příštích období
UD,66,D.2.,P,Výnosy příštích období
UB,1,I.,PZ,Tržby z prodeje výrobků a služeb
UB,2,II.,PZ,Tržby za prodej zboží
UB,3,A.,PZ,Výkonová spotřeba
UB,4,A.1,P,Náklady vynaložené na prodané zboží
UB,5,A.2,P,Spotřeba materiálu a energie
UB,6,A.3,P,Služby
UB,7,B.,PZ,Změna stavu zásob vlastní činnosti (+/-)
UB,8,C.,PZ,Aktivace (-)
UB,9,D.,PZ,Osobní náklady
UB,10,D.1.,P,Mzdové náklady
UB,11,D.2,P,"Náklady na sociální zabezpečení, zdravotní pojištění a ostatní náklady"
UB,12,D.2.1.,P,Náklady na sociální zabezpečení a zdravotní pojištění
UB,13,D.2.2.,P,Ostatní náklady
UB,14,E.,PZ,Úpravy hodnot v provozní oblasti
UB,15,E.1.,P,Úpravy hodnot dlouhodobého nehmotného a hmotného majetku
UB,16,E.1.1.,P,Úpravy hodnot dlouhodobého nehmotného a hmotného majetku - trvalé
UB,17,E.1.2.,P,Úpravy hodnot dlouhodobého nehmotného a hmotného majetku - dočasné
UB,18,E.2.,P,Úpravy hodnot zásob
UB,19,E.3.,P,Úpravy hodnot pohledávek
UB,20,III.,PZ,Ostatní provozní výnosy
UB,21,III.1.,P,Tržby z prodaného dlouhodobého majetku
UB,22,III.2.,P,Tržby z prodaného materiálu
UB,23,III.3.,P,Jiné provozní výnosy
UB,24,F.,PZ,Ostatní provozní náklady
UB,25,F.1.,P,Zůstatková cena prodaného dlouhodobého majetku
UB,26,F.2.,P,Prodaný materiál
UB,27,F.3.,P,Daně a poplatky
UB,28,F.4.,P,Rezervy v provozní oblasti a komplexní náklady příštích období
UB,29,F.5.,P,Jiné provozní náklady
UB,30,*,PZ,Provozní výsledek hospodaření (+/-)
UB,31,IV.,PZ,Výnosy z dlouhodobého finančního majetku - podíly
UB,32,IV.1.,P,Výnosy z podílů - ovládaná nebo ovládající osoba
UB,33,IV.2.,P,Ostatní výnosy z podílů
UB,34,G.,PZ,Náklady vynaložené na prodané podíly
UB,35,V.,PZ,Výnosy z ostatního dlouhodobého finančního majetku
UB,36,V.1.,P,Výnosy z ostatního dlouhodobého finančního majetku - ovládaná nebo ovládající osoba
UB,37,V.2.,P,Ostatní výnosy z ostatního dlouhodobého finančního majetku
UB,38,H.,PZ,Náklady související s ostatním dlouhodobým finančním majetkem
UB,39,VI.,PZ,Výnosové úroky a podobné výnosy
UB,40,VI.1.,P,Výnosové úroky a podobné výnosy - ovládaná nebo ovládající osoba
UB,41,VI.2.,P,Ostatní výnosové úroky a podobné výnosy
UB,42,I.,PZ,Úpravy hodnot a rezervy ve finanční oblasti
UB,43,J.,PZ,Nákladové úroky a podobné náklady
UB,44,J.1.,P,Nákladové úroky a podobné náklady - ovládaná nebo ovládající osoba
UB,45,J.2.,P,Ostatní nákladové úroky a podobné náklady
UB,46,VII.,PZ,Ostatní finanční výnosy
UB,47,K.,PZ,Ostatní finanční náklady
UB,48,*,PZ,Finanční výsledek hospodaření (+/-)
UB,49,**,PZ,Výsledek hospodaření před zdaněním (+/-)
UB,50,L.,PZ,Daň z příjmů
UB,51,L.1.,P,Daň z příjmů splatná
UB,52,L.2.,P,Daň z příjmů odložená (+/-)
UB,53,**,PZ,Výsledek hospodaření po zdanění (+/-)
UB,54,M.,PZ,Převod podílu na výsledku hospodaření společníkům (+/-)
UB,55,***,PZ,Výsledek hospodaření za účetní období (+/-)
UB,56,*,PZ,Čistý obrat za účetní období
