"id","name","name@sk","description","description@sk","amount","amount_type","type_tax_use","sequence","tax_group_id","tax_scope","fiscal_position_ids","original_tax_ids","repartition_line_ids/repartition_type","repartition_line_ids/document_type","repartition_line_ids/account_id","repartition_line_ids/factor_percent","repartition_line_ids/tag_ids"
"vs_tuz_23_s","23% S","23% S","VAT purchases 23% Services","DPH na vstupe 23% služby","23.0","percent","purchase","42","tax_group_vat_23","service","fiscal_position_template_1,fp_intra_private","","base","invoice","","",""
"","","","","","","","","","","","","","tax","invoice","chart_sk_343120","100.0","21"
"","","","","","","","","","","","","","base","refund","","",""
"","","","","","","","","","","","","","tax","refund","chart_sk_343120","100.0","28"
"vs_tuz_19_s","19% S","19% S","VAT purchases 19% Services","DPH na vstupe 19% služby","19.0","percent","purchase","52","tax_group_vat_19","service","fiscal_position_template_1,fp_intra_private","","base","invoice","","",""
"","","","","","","","","","","","","","tax","invoice","chart_sk_343110","100.0","20"
"","","","","","","","","","","","","","base","refund","","",""
"","","","","","","","","","","","","","tax","refund","chart_sk_343110","100.0","28"
"vs_tuz_5_s","5% S","5% S","VAT purchases 5% Services","DPH na vstupe 5% služby","5.0","percent","purchase","62","tax_group_vat_5","service","fiscal_position_template_1,fp_intra_private","","base","invoice","","",""
"","","","","","","","","","","","","","tax","invoice","chart_sk_343110","100.0","20a"
"","","","","","","","","","","","","","base","refund","","",""
"","","","","","","","","","","","","","tax","refund","chart_sk_343110","100.0","28"
"vs_eu_s_23","23% EU S","23 % EÚ S","EU services received 23% (§69 para. 3)","Prijatie služby z EÚ 23% (§69 ods. 3)","23.0","percent","purchase","122","tax_group_vat_23","service","fiscal_position_template_2","vs_tuz_23_s","base","invoice","","","09b"
"","","","","","","","","","","","","","tax","invoice","chart_sk_343120","100.0","19"
"","","","","","","","","","","","","","tax","invoice","chart_sk_343120","-100.0","10b"
"","","","","","","","","","","","","","base","refund","","","24_PR"
"","","","","","","","","","","","","","tax","refund","chart_sk_343120","100.0","28"
"","","","","","","","","","","","","","tax","refund","chart_sk_343120","-100.0","25"
"vs_eu_s_19","19% EU S","19 % EÚ S","EU services received 19% (§69 para. 3)","Prijatie služby z EÚ 19% (§69 ods. 3)","19.0","percent","purchase","132","tax_group_vat_19","service","fiscal_position_template_2","vs_tuz_19_s","base","invoice","","","09"
"","","","","","","","","","","","","","tax","invoice","chart_sk_343110","100.0","18"
"","","","","","","","","","","","","","tax","invoice","chart_sk_343110","-100.0","10"
"","","","","","","","","","","","","","base","refund","","","24_PR"
"","","","","","","","","","","","","","tax","refund","chart_sk_343110","100.0","28"
"","","","","","","","","","","","","","tax","refund","chart_sk_343110","-100.0","25"
"vs_eu_s_5","5% EU S","5 % EÚ S","EU services received 5% (§69 para. 3)","Prijatie služby z EÚ 5% (§69 ods. 3)","5.0","percent","purchase","142","tax_group_vat_5","service","fiscal_position_template_2","vs_tuz_5_s","base","invoice","","","09a"
"","","","","","","","","","","","","","tax","invoice","chart_sk_343110","100.0","18a"
"","","","","","","","","","","","","","tax","invoice","chart_sk_343110","-100.0","10a"
"","","","","","","","","","","","","","base","refund","","","24_PR"
"","","","","","","","","","","","","","tax","refund","chart_sk_343110","100.0","28"
"","","","","","","","","","","","","","tax","refund","chart_sk_343110","-100.0","25"
