code,class_code,name_cs,name_en
01110,0111,"Pěstování obilovin jiných než rýže, luštěnin a olejnatých semen","Growing of cereals, other than rice, leguminous crops and oil seeds"
01120,0112,Pěstování rýže,Growing of rice
01130,0113,"Pěstování zeleniny a melounů, kořenů a hlíz","Growing of vegetables and melons, roots and tubers"
01140,0114,Pěstování cukrové třtiny,Growing of sugar cane
01150,0115,Pěstování tabáku,Growing of tobacco
01160,0116,Pěstování přadných rostlin,Growing of fibre crops
01190,0119,Pěstování ostatních plodin jiných než trvalých,Growing of other non-perennial crops
01210,0121,Pěstování vinných hroznů,Growing of grapes
01220,0122,Pěstování tropického a subtropického ovoce,Growing of tropical and subtropical fruits
01230,0123,Pěstování citrusových plodů,Growing of citrus fruits
01240,0124,Pěstování jádrového a peckového ovoce,Growing of pome fruits and stone fruits
01250,0125,Pěstování ostatního stromového a keřového ovoce a ořechů,Growing of other tree and bush fruits and nuts
01260,0126,Pěstování olejnatých plodů,Growing of oleaginous fruits
01270,0127,Pěstování rostlin pro výrobu nápojů,Growing of beverage crops
01280,0128,"Pěstování koření a aromatických, léčivých a farmaceutických rostlin","Growing of spices, aromatic, drug and pharmaceutical crops"
01290,0129,Pěstování ostatních trvalých plodin,Growing of other perennial crops
01300,0130,Množení rostlin,Plant propagation
01410,0141,Chov mléčného skotu,Raising of dairy cattle
01420,0142,Chov ostatního skotu a buvolů,Raising of other cattle and buffaloes
01430,0143,Chov koní a ostatních koňovitých,Raising of horses and other equines
01440,0144,Chov velbloudů a velbloudovitých,Raising of camels and camelids
01450,0145,Chov ovcí a koz,Raising of sheep and goats
01460,0146,Chov prasat,Raising of swine and pigs
01470,0147,Chov drůbeže,Raising of poultry
01480,0148,Chov ostatních zvířat,Raising of other animals
01500,0150,Smíšené hospodaření,Mixed farming
01610,0161,Podpůrné činnosti pro rostlinnou výrobu,Support activities for crop production
01620,0162,Podpůrné činnosti pro živočišnou výrobu,Support activities for animal production
01630,0163,Posklizňové činnosti a zpracování osiva pro účely množení,Post-harvest crop activities and seed processing for propagation
01700,0170,Lov a odchyt divokých zvířat a související činnosti,"Hunting, trapping and related service activities"
02100,0210,Pěstování lesa a jiné činnosti v oblasti lesnictví,Silviculture and other forestry activities
02200,0220,Těžba dřeva,Logging
02300,0230,"Sběr a získávání volně rostoucích plodů a materiálů, kromě dřeva",Gathering of wild growing non-wood products
02400,0240,Podpůrné činnosti pro lesnictví,Support services to forestry
03110,0311,Mořský rybolov,Marine fishing
03120,0312,Sladkovodní rybolov,Freshwater fishing
03210,0321,Mořská akvakultura,Marine aquaculture
03220,0322,Sladkovodní akvakultura,Freshwater aquaculture
03300,0330,Podpůrné činnosti pro rybolov a akvakulturu,Support activities for fishing and aquaculture
05101,0510,"Těžba černého uhlí, kromě úpravy",Mining of hard coal without preparation for further use
05102,0510,Úprava černého uhlí,Preparation of hard coal for further use
05201,0520,"Těžba hnědého uhlí jiného než lignitu, kromě úpravy",Mining of lignite with gross calorific value 9500 - 17435 kJ/kg without preparation for further use
05202,0520,Úprava hnědého uhlí jiného než lignitu,Preparation of lignite with gross calorific value 9500 - 17435 kJ/kg for further use
05203,0520,"Těžba lignitu, kromě úpravy",Mining of lignite with gross calorific value less than 9500 kJ/kg without preparation for further use
05204,0520,Úprava lignitu,Preparation of lignite with gross calorific value less than 9500 kJ/kg for further use
06100,0610,Těžba ropy,Extraction of crude petroleum
06200,0620,Těžba zemního plynu,Extraction of natural gas
07101,0710,"Těžba železných rud, kromě úpravy",Mining of iron ores without preparation for further use
07102,0710,Úprava železných rud,Preparation of iron ores for further use
07211,0721,"Těžba uranových a thoriových rud, kromě úpravy",Mining of uranium and thorium ores without preparation for further use
07212,0721,Úprava uranových a thoriových rud,Preparation of uranium and thorium ores for further use
07291,0729,"Těžba ostatních neželezných rud, kromě úpravy",Mining of other non-ferrous metal ores without preparation for further use
07292,0729,Úprava ostatních neželezných rud,Preparation of other non-ferrous metal ores for further use
08110,0811,"Dobývání kamene, vápence, sádrovce, břidlice a jiného kamene, také pro výtvarné účely","Quarrying of ornamental stone, limestone, gypsum, slate and other stone"
08120,0812,Provoz pískoven a štěrkopískoven a těžba jílů a kaolinu,Operation of gravel and sand pits and mining of clay and kaolin
08910,0891,Těžba chemických minerálů a minerálů pro výrobu hnojiv,Mining of chemical and fertiliser minerals
08920,0892,Těžba rašeliny,Extraction of peat
08930,0893,Těžba soli,Extraction of salt
08990,0899,Těžba a dobývání ostatních nerostných surovin j. n.,Other mining and quarrying n.e.c.
09100,0910,Podpůrné činnosti pro těžbu ropy a zemního plynu,Support activities for petroleum and natural gas extraction
09901,0990,Podpůrné činnosti pro těžbu černého uhlí,Support activities for mining of hard coal
09902,0990,"Podpůrné činnosti pro těžbu hnědého uhlí, kromě lignitu",Support activities for mining of lignite with gross calorific value 9500 - 17435 kJ/kg
09903,0990,Podpůrné činnosti pro těžbu lignitu,Support activities for mining of lignite with gross calorific value less than 9500 kJ/kg
09904,0990,Podpůrné činnosti pro těžbu železných rud,Support activities for mining of iron ores
09905,0990,Podpůrné činnosti pro těžbu uranových a thoriových rud,Support activities for mining of uranium and thorium ores
09906,0990,Podpůrné činnosti pro těžbu ostatních neželezných rud,Support activities for mining of other non-ferrous metal ores
09909,0990,Podpůrné činnosti pro těžbu a dobývání ostatních nerostných surovin j. n.,Support activities for mining and quarrying of other minerals n.e.c.
10110,1011,"Zpracování a konzervování masa, kromě drůbežího masa","Processing and preserving of meat, except of poultry meat"
10120,1012,Zpracování a konzervování drůbežího masa,Processing and preserving of poultry meat
10130,1013,Výroba masných výrobků a výrobků z drůbežího masa,Production of meat and poultry meat products
10200,1020,"Zpracování a konzervování ryb, korýšů a měkkýšů","Processing and preserving of fish, crustaceans and molluscs"
10310,1031,Zpracování a konzervování brambor,Processing and preserving of potatoes
10320,1032,Výroba ovocných a zeleninových šťáv,Manufacture of fruit and vegetable juice
10390,1039,Ostatní zpracování a konzervování ovoce a zeleniny,Other processing and preserving of fruit and vegetables
10410,1041,Výroba olejů a tuků,Manufacture of oils and fats
10420,1042,Výroba margarínu a podobných jedlých tuků,Manufacture of margarine and similar edible fats
10510,1051,Výroba mléčných výrobků,Manufacture of dairy products
10520,1052,Výroba zmrzliny a ledu k lidské spotřebě,Manufacture of ice cream and other edible ice
10610,1061,Výroba mlýnských výrobků,Manufacture of grain mill products
10620,1062,Výroba škrobárenských výrobků,Manufacture of starches and starch products
10710,1071,"Výroba pekařských a cukrářských výrobků, kromě trvanlivých",Manufacture of bread; manufacture of fresh pastry goods and cakes
10720,1072,"Výroba sucharů, sušenek a trvanlivých pekařských a cukrářských výrobků","Manufacture of rusks, biscuits, preserved pastries and cakes"
10730,1073,Výroba moučných výrobků,Manufacture of farinaceous products
10810,1081,Výroba cukru,Manufacture of sugar
10820,1082,"Výroba kakaa, čokolády a cukrovinek","Manufacture of cocoa, chocolate and sugar confectionery"
10830,1083,Zpracování čaje a kávy,Processing of tea and coffee
10840,1084,Výroba koření a přísad pro ochucení,Manufacture of condiments and seasonings
10850,1085,Výroba hotových pokrmů,Manufacture of prepared meals and dishes
10860,1086,Výroba homogenizovaných potravinářských přípravků a dietetických potravin,Manufacture of homogenised food preparations and dietetic food
10890,1089,Výroba ostatních potravinářských výrobků j. n.,Manufacture of other food products n.e.c.
10910,1091,Výroba krmiv pro hospodářská zvířata,Manufacture of prepared feeds for farm animals
10920,1092,Výroba krmiv pro zvířata v zájmovém chovu,Manufacture of prepared pet foods
11010,1101,"Destilace, rektifikace a míchaní lihovin","Distilling, rectifying and blending of spirits"
11020,1102,Výroba vína z vinných hroznů,Manufacture of wine from grape
11030,1103,Výroba ciderů a jiných kvašených ovocných nápojů,Manufacture of cider and other fermented fruit beverages
11040,1104,Výroba ostatních nedestilovaných kvašených nápojů,Manufacture of other non-distilled fermented beverages
11050,1105,Výroba piva,Manufacture of beer
11060,1106,Výroba sladu,Manufacture of malt
11070,1107,Výroba nealkoholických nápojů a balených vod,Manufacture of soft drinks and bottled waters
12000,1200,Výroba tabákových výrobků,Manufacture of tobacco products
13100,1310,Úprava a spřádání textilních vláken a příze,Preparation and spinning of textile fibres
13200,1320,Tkaní textilií,Weaving of textiles
13300,1330,Konečná úprava textilií,Finishing of textiles
13910,1391,Výroba pletených a háčkovaných textilií,Manufacture of knitted and crocheted fabrics
13920,1392,Výroba bytového textilu a konfekčních bytových textilií,Manufacture of household textiles and made-up furnishing articles
13930,1393,Výroba koberců a kobercových předložek,Manufacture of carpets and rugs
13940,1394,"Výroba lan, provazů a síťovaných výrobků","Manufacture of cordage, rope, twine and netting"
13950,1395,Výroba netkaných textilií a výrobků z nich,Manufacture of non-wovens and non-woven articles
13960,1396,Výroba ostatních technických a průmyslových textilií,Manufacture of other technical and industrial textiles
13990,1399,Výroba ostatních textilií j. n.,Manufacture of other textiles n.e.c.
14101,1410,Výroba pletených a háčkovaných punčochových výrobků,Manufacture of knitted and crocheted hosiery
14109,1410,Výroba ostatních pletených a háčkovaných oděvů,Manufacture of other knitted and crocheted apparel
14210,1421,Výroba svrchních oděvů,Manufacture of outerwear
14220,1422,Výroba osobního prádla,Manufacture of underwear
14230,1423,Výroba pracovních oděvů,Manufacture of workwear
14240,1424,Výroba kožených oděvů a kožešinových výrobků,Manufacture of leather clothes and fur apparel
14290,1429,Výroba ostatních oděvů a oděvních doplňků j. n.,Manufacture of other wearing apparel and accessories n.e.c.
15110,1511,"Činění, úprava, barvení usní a kožešin","Tanning, dressing, dyeing of leather and fur"
15120,1512,"Výroba zavazadel, kabelek, sedlářských a řemenářských výrobků z jakýchkoli materiálů","Manufacture of luggage, handbags, saddlery and harness of any material"
15201,1520,Výroba obuvi s usňovým svrškem,Manufacture of footwear with leather uppers
15209,1520,Výroba ostatní obuvi,Manufacture of other footwear
16110,1611,Pilařská výroba,Sawmilling and planing of wood
16120,1612,Zpracování a konečná úprava dřeva,Processing and finishing of wood
16210,1621,Výroba dýh a desek na bázi dřeva,Manufacture of veneer sheets and wood-based panels
16220,1622,Výroba sestavených parketových podlah,Manufacture of assembled parquet floors
16230,1623,Výroba ostatních výrobků stavebního truhlářství a tesařství,Manufacture of other builders' carpentry and joinery
16240,1624,Výroba dřevěných obalů,Manufacture of wooden containers
16250,1625,Výroba dřevěných dveří a oken,Manufacture of doors and windows of wood
16260,1626,Výroba pevných paliv z rostlinné biomasy,Manufacture of solid fuels from vegetable biomass
16270,1627,Konečná úprava dřevěných výrobků,Finishing of wooden products
16280,1628,"Výroba ostatních dřevěných, korkových, proutěných a slaměných výrobků","Manufacture of other products of wood and articles of cork, straw and plaiting materials"
17111,1711,Výroba chemických buničin,Manufacture of pulp by chemical processes
17112,1711,Výroba mechanických vláknin,Manufacture of pulp by mechanical processes
17119,1711,Výroba ostatních papírenských vláknin,Manufacture of other pulps
17120,1712,Výroba papíru a lepenky,Manufacture of paper and paperboard
17210,1721,"Výroba vlnitého papíru a lepenky, papírových a lepenkových obalů","Manufacture of corrugated paper, paperboard and containers of paper and paperboard"
17220,1722,"Výroba domácích potřeb, hygienických a toaletních výrobků z papíru",Manufacture of household and sanitary goods and of toilet requisites
17230,1723,Výroba kancelářských potřeb z papíru,Manufacture of paper stationery
17240,1724,Výroba tapet,Manufacture of wallpaper
17250,1725,Výroba ostatních výrobků z papíru a lepenky,Manufacture of other articles of paper and paperboard
18110,1811,Tisk novin,Printing of newspapers
18120,1812,Ostatní tisk,Other printing
18130,1813,Příprava tisku a digitálních dat,Pre-press and pre-media services
18140,1814,Vázání a související činnosti,Binding and related services
18200,1820,Rozmnožování nahraných nosičů,Reproduction of recorded media
19100,1910,Výroba koksárenských produktů,Manufacture of coke oven products
19200,1920,Výroba rafinovaných ropných produktů a produktů z fosilních paliv,Manufacture of refined petroleum products and fossil fuel products
20110,2011,Výroba technických plynů,Manufacture of industrial gases
20120,2012,Výroba barviv a pigmentů,Manufacture of dyes and pigments
20130,2013,Výroba jiných základních anorganických chemických látek,Manufacture of other inorganic basic chemicals
20140,2014,Výroba jiných základních organických chemických látek,Manufacture of other organic basic chemicals
20150,2015,Výroba hnojiv a dusíkatých sloučenin,Manufacture of fertilisers and nitrogen compounds
20160,2016,Výroba plastů v primárních formách,Manufacture of plastics in primary forms
20170,2017,Výroba syntetického kaučuku v primárních formách,Manufacture of synthetic rubber in primary forms
20200,2020,"Výroba pesticidů, dezinfekčních prostředků a jiných agrochemických přípravků","Manufacture of pesticides, disinfectants and other agrochemical products"
20300,2030,"Výroba barev, laků a jiných nátěrových hmot, tiskařských barev a tmelů","Manufacture of paints, varnishes and similar coatings, printing ink and mastics"
20410,2041,"Výroba mýdel, detergentů a čisticích a lešticích prostředků","Manufacture of soap and detergents, cleaning and polishing preparations"
20420,2042,Výroba parfémů a toaletních přípravků,Manufacture of perfume and toilet preparations
20510,2051,Výroba kapalných biopaliv,Manufacture of liquid biofuels
20591,2059,Výroba aditiv do pohonných hmot na bázi ethyltercbutyléteru (ETBE) a methyltercbutyléteru (MTBE),Manufacture of fuel additives based on Ethyl tertiary-butyl ether (ETBE) and Methyl tertiary-butyl ether (MTBE)
20599,2059,Výroba jiných chemických výrobků j. n.,Manufacture of all other chemical products n.e.c.
20600,2060,Výroba chemických vláken,Manufacture of man-made fibres
21100,2110,Výroba základních farmaceutických výrobků,Manufacture of basic pharmaceutical products
21200,2120,Výroba farmaceutických přípravků,Manufacture of pharmaceutical preparations
22110,2211,Výroba pryžových plášťů a duší a protektorování pneumatik,"Manufacture, retreading and rebuilding of rubber tyres and manufacture of tubes"
22120,2212,Výroba ostatních pryžových výrobků,Manufacture of other rubber products
22210,2221,"Výroba plastových desek, fólií, hadic, trubek a profilů","Manufacture of plastic plates, sheets, tubes and profiles"
22220,2222,Výroba plastových obalů,Manufacture of plastic packing goods
22230,2223,Výroba plastových dveří a oken,Manufacture of doors and windows of plastic
22240,2224,Výroba plastových výrobků pro stavebnictví,Manufacture of builders’ ware of plastic
22250,2225,Zpracování a konečná úprava plastových výrobků,Processing and finishing of plastic products
22260,2226,Výroba ostatních plastových výrobků,Manufacture of other plastic products
23110,2311,Výroba plochého skla,Manufacture of flat glass
23120,2312,Tvarování a zpracování plochého skla,Shaping and processing of flat glass
23130,2313,Výroba dutého skla,Manufacture of hollow glass
23140,2314,Výroba skleněných vláken,Manufacture of glass fibres
23150,2315,"Výroba a zpracování ostatního skla, včetně technického skla","Manufacture and processing of other glass, including technical glassware"
23200,2320,Výroba žáruvzdorných výrobků,Manufacture of refractory products
23310,2331,Výroba keramických obkladaček a dlaždic,Manufacture of ceramic tiles and flags
23320,2332,"Výroba pálených zdicích materiálů, tašek, dlaždic a podobných výrobků","Manufacture of bricks, tiles and construction products, in baked clay"
23410,2341,Výroba porcelánových a keramických výrobků převážně pro domácnost a dekoračních předmětů,Manufacture of ceramic household and ornamental articles
23420,2342,Výroba keramických sanitárních výrobků,Manufacture of ceramic sanitary fixtures
23430,2343,Výroba keramických izolátorů a izolačního příslušenství,Manufacture of ceramic insulators and insulating fittings
23440,2344,Výroba ostatních technických keramických výrobků,Manufacture of other technical ceramic products
23450,2345,Výroba ostatních keramických výrobků,Manufacture of other ceramic products
23510,2351,Výroba cementu,Manufacture of cement
23520,2352,Výroba vápna a sádry,Manufacture of lime and plaster
23610,2361,Výroba betonových výrobků pro stavební účely,Manufacture of concrete products for construction purposes
23620,2362,Výroba sádrových výrobků pro stavební účely,Manufacture of plaster products for construction purposes
23630,2363,Výroba betonu připraveného k lití,Manufacture of ready-mixed concrete
23640,2364,Výroba malt,Manufacture of mortars
23650,2365,Výroba vláknocementových výrobků,Manufacture of fibre cement
23660,2366,"Výroba ostatních betonových, cementových a sádrových výrobků","Manufacture of other articles of concrete, cement and plaster"
23700,2370,"Řezání, tvarování a konečná úprava kamenů","Cutting, shaping and finishing of stone"
23910,2391,Výroba brusiv,Manufacture of abrasive products
23990,2399,Výroba ostatních nekovových minerálních výrobků j. n.,Manufacture of other non-metallic mineral products n.e.c.
24101,2410,"Výroba základních hutních výrobků ze železa a oceli, výroba surového železa a oceli",Manufacture of primary materials of iron and steel and manufacture of crude iron and steel
24102,2410,"Výroba plochých výrobků ze železa nebo oceli válcovaných za tepla nebo za studena, kromě úzkých pásů válcovaných za studena","Manufacture of hot-rolled and cold-rolled flat-rolled products of iron and steel, except cold rolling of narrow strip"
24103,2410,Výroba tyčí a prutů ze železa nebo oceli válcovaných za tepla,Manufacture of hot-rolled bars and rods of iron and steel
24109,2410,"Výroba surového železa, oceli a feroslitin j. n.",Manufacture of basic iron and steel and of ferro-alloys n.e.c.
24200,2420,"Výroba ocelových trub, trubek, dutých profilů a souvisejících potrubních tvarovek","Manufacture of tubes, pipes, hollow profiles and related fittings, of steel"
24310,2431,Tažení ocelových tyčí za studena,Cold drawing of bars
24320,2432,Válcování ocelových úzkých pásů za studena,Cold rolling of narrow strip
24330,2433,Tváření ocelových profilů za studena,Cold forming or folding
24340,2434,Tažení ocelového drátu za studena,Cold drawing of wire
24410,2441,Výroba a hutní zpracování drahých kovů,Precious metals production
24420,2442,Výroba a hutní zpracování hliníku,Aluminium production
24430,2443,"Výroba a hutní zpracování olova, zinku a cínu","Lead, zinc and tin production"
24440,2444,Výroba a hutní zpracování mědi,Copper production
24450,2445,Výroba a hutní zpracování ostatních neželezných kovů,Other non-ferrous metal production
24460,2446,Zpracování jaderného paliva,Processing of nuclear fuel
24511,2451,Odlévání litiny s lupínkovým grafitem,Casting of lamellar graphite iron
24512,2451,Odlévání litiny s kuličkovým grafitem,Casting of spheroidal graphite iron
24519,2451,Odlévání ostatní litiny,Casting of other iron
24521,2452,Odlévání uhlíkatých ocelí,Casting of carbon steel
24522,2452,Odlévání legovaných ocelí,Casting of alloy-steel
24530,2453,Odlévání lehkých kovů,Casting of light metals
24540,2454,Odlévání ostatních neželezných kovů,Casting of other non-ferrous metals
25110,2511,Výroba kovových konstrukcí a jejich dílů,Manufacture of metal structures and parts of structures
25120,2512,Výroba kovových dveří a oken,Manufacture of doors and windows of metal
25210,2521,Výroba radiátorů k ústřednímu topení a parních kotlů,"Manufacture of central heating radiators, steam generators and boilers"
25220,2522,"Výroba ostatních kovových cisteren, nádrží a podobných nádob","Manufacture of other tanks, reservoirs and containers of metal"
25300,2530,Výroba zbraní a střeliva,Manufacture of weapons and ammunition
25400,2540,Kování a tváření kovů a prášková metalurgie,Forging and shaping metal and powder metallurgy
25510,2551,Povlakování kovů,Coating of metals
25520,2552,Tepelné zpracování kovů,Heat treatment of metals
25530,2553,Obrábění kovů,Machining of metals
25610,2561,Výroba nožířských výrobků,Manufacture of cutlery
25620,2562,Výroba zámků a kování,Manufacture of locks and hinges
25630,2563,Výroba nástrojů a nářadí,Manufacture of tools
25910,2591,Výroba ocelových sudů a podobných nádob,Manufacture of steel drums and similar containers
25920,2592,Výroba obalů z lehkých kovů,Manufacture of light metal packaging
25930,2593,"Výroba drátěných výrobků, řetězů a pružin","Manufacture of wire products, chain and springs"
25940,2594,Výroba spojovacích materiálů a výrobků se závity,Manufacture of fasteners and screw machine products
25990,2599,Výroba ostatních kovových výrobků j. n.,Manufacture of other fabricated metal products n.e.c.
26110,2611,Výroba elektronických součástek,Manufacture of electronic components
26120,2612,Výroba osazených elektronických desek,Manufacture of loaded electronic boards
26200,2620,Výroba počítačů a periferních zařízení,Manufacture of computers and peripheral equipment
26300,2630,Výroba komunikačních zařízení,Manufacture of communication equipment
26400,2640,Výroba spotřební elektroniky,Manufacture of consumer electronics
26510,2651,"Výroba měřicích, zkušebních a navigačních přístrojů","Manufacture of instruments and appliances for measuring, testing and navigation"
26520,2652,Výroba časoměrných přístrojů,Manufacture of watches and clocks
26600,2660,"Výroba ozařovacích, elektroléčebných a elektroterapeutických přístrojů","Manufacture of irradiation, electromedical and electrotherapeutic equipment"
26700,2670,"Výroba optických přístrojů a zařízení, magnetických a optických médií a fotografických přístrojů a zařízení","Manufacture of optical instruments, magnetic and optical media and photographic equipment"
27110,2711,"Výroba elektrických motorů, generátorů a transformátorů","Manufacture of electric motors, generators and transformers"
27120,2712,Výroba elektrických rozvodných a kontrolních zařízení,Manufacture of electricity distribution and control apparatus
27200,2720,Výroba baterií a akumulátorů,Manufacture of batteries and accumulators
27310,2731,Výroba optických kabelů,Manufacture of fibre optic cables
27320,2732,Výroba ostatních elektronických a elektrických vodičů a kabelů,Manufacture of other electronic and electric wires and cables
27330,2733,Výroba elektroinstalačních zařízení,Manufacture of wiring devices
27400,2740,Výroba osvětlovacích zařízení,Manufacture of lighting equipment
27510,2751,Výroba elektrických spotřebičů převážně pro domácnost,Manufacture of electric domestic appliances
27520,2752,Výroba neelektrických spotřebičů převážně pro domácnost,Manufacture of non-electric domestic appliances
27900,2790,Výroba ostatních elektrických zařízení,Manufacture of other electrical equipment
28110,2811,"Výroba motorů a turbín, kromě motorů pro letadla, automobily a motocykly","Manufacture of engines and turbines, except aircraft, vehicle and cycle engines"
28120,2812,Výroba hydraulických zařízení,Manufacture of fluid power equipment
28130,2813,Výroba ostatních čerpadel a kompresorů,Manufacture of other pumps and compressors
28140,2814,Výroba ostatních potrubních armatur,Manufacture of other taps and valves
28150,2815,"Výroba ložisek, ozubených kol, převodů a hnacích prvků","Manufacture of bearings, gears, gearing and driving elements"
28210,2821,"Výroba pecí, kotlů a stálých tepelných zařízení pro domácnosti","Manufacture of ovens, furnaces and permanent household heating equipment"
28220,2822,Výroba zdvihacích a manipulačních zařízení,Manufacture of lifting and handling equipment
28230,2823,"Výroba kancelářských strojů a zařízení, kromě počítačů a periferních zařízení","Manufacture of office machinery and equipment, except computers and peripheral equipment"
28240,2824,Výroba ručních mechanizovaných nástrojů,Manufacture of power-driven hand tools
28250,2825,Výroba klimatizačních zařízení jiných než pro domácnost,Manufacture of non-domestic air conditioning equipment
28290,2829,Výroba ostatních strojů a zařízení pro všeobecné účely j. n.,Manufacture of other general-purpose machinery n.e.c.
28300,2830,Výroba zemědělských a lesnických strojů,Manufacture of agricultural and forestry machinery
28410,2841,Výroba tvářecích a obráběcích strojů na opracování kovů,Manufacture of metal forming machinery and machine tools for metal work
28420,2842,Výroba ostatních obráběcích strojů,Manufacture of other machine tools
28910,2891,Výroba strojů pro metalurgii,Manufacture of machinery for metallurgy
28920,2892,"Výroba strojů pro těžbu, dobývání a stavebnictví","Manufacture of machinery for mining, quarrying and construction"
28930,2893,"Výroba strojů na výrobu potravin, nápojů a zpracování tabáku","Manufacture of machinery for food, beverage and tobacco processing"
28940,2894,"Výroba strojů na výrobu textilu, oděvních výrobků a výrobků z usní","Manufacture of machinery for textile, apparel and leather production"
28950,2895,Výroba strojů a přístrojů na výrobu papíru a lepenky,Manufacture of machinery for paper and paperboard production
28960,2896,Výroba strojů na výrobu plastů a pryže,Manufacture of plastics and rubber machinery
28970,2897,Výroba strojů pro aditivní výrobu,Manufacture of additive manufacturing machinery
28990,2899,Výroba ostatních strojů pro speciální účely j. n.,Manufacture of other special-purpose machinery n.e.c.
29100,2910,Výroba motorových vozidel,Manufacture of motor vehicles
29200,2920,Výroba karoserií motorových vozidel; výroba přívěsů a návěsů,Manufacture of bodies and coachwork for motor vehicles; manufacture of trailers and semi-trailers
29310,2931,Výroba elektrického a elektronického zařízení pro motorová vozidla,Manufacture of electrical and electronic equipment for motor vehicles
29320,2932,Výroba ostatních dílů a příslušenství pro motorová vozidla,Manufacture of other parts and accessories for motor vehicles
30110,3011,Stavba civilních lodí a plavidel,Building of civilian ships and floating structures
30120,3012,Stavba rekreačních a sportovních člunů,Building of pleasure and sporting boats
30130,3013,Stavba vojenských lodí a plavidel,Building of military ships and vessels
30200,3020,Výroba železničních lokomotiv a kolejových vozidel,Manufacture of railway locomotives and rolling stock
30310,3031,"Výroba civilních letadel, kosmických lodí a souvisejících zařízení",Manufacture of civilian air and spacecraft and related machinery
30320,3032,"Výroba vojenských letadel, kosmických lodí a souvisejících zařízení",Manufacture of military air and spacecraft and related machinery
30400,3040,Výroba vojenských bojových vozidel,Manufacture of military fighting vehicles
30910,3091,Výroba motocyklů,Manufacture of motorcycles
30920,3092,Výroba jízdních kol a vozíků pro invalidy,Manufacture of bicycles and invalid carriages
30990,3099,Výroba ostatních dopravních prostředků a zařízení j. n.,Manufacture of other transport equipment n.e.c.
31000,3100,Výroba nábytku,Manufacture of furniture
32110,3211,Ražení mincí,Striking of coins
32120,3212,Výroba klenotů a příbuzných výrobků,Manufacture of jewellery and related articles
32130,3213,Výroba bižuterie a příbuzných výrobků,Manufacture of imitation jewellery and related articles
32200,3220,Výroba hudebních nástrojů,Manufacture of musical instruments
32300,3230,Výroba sportovních potřeb,Manufacture of sports goods
32400,3240,Výroba her a hraček,Manufacture of games and toys
32500,3250,Výroba lékařských a dentálních nástrojů a potřeb,Manufacture of medical and dental instruments and supplies
32910,3291,Výroba košťat a kartáčnických výrobků,Manufacture of brooms and brushes
32990,3299,Ostatní zpracovatelský průmysl j. n.,Other manufacturing n.e.c.
33110,3311,Opravy a údržba kovových výrobků,Repair and maintenance of fabricated metal products
33120,3312,Opravy a údržba strojů,Repair and maintenance of machinery
33130,3313,Opravy a údržba elektronických a optických přístrojů a zařízení,Repair and maintenance of electronic and optical equipment
33140,3314,Opravy a údržba elektrických zařízení,Repair and maintenance of electrical equipment
33150,3315,Opravy a údržba civilních lodí a člunů,Repair and maintenance of civilian ships and boats
33160,3316,Opravy a údržba civilních letadel a kosmických lodí,Repair and maintenance of civilian air and spacecraft
33171,3317,Opravy a údržba kolejových vozidel,Repair and maintenance of locomotives and railroad cars
33179,3317,Opravy a údržba ostatních civilních dopravních prostředků a zařízení j. n.,Repair and maintenance of other civilian transport equipment n.e.c.
33181,3318,Opravy a údržba vojenských bojových vozidel,Repair and maintenance of military fighting vehicles
33182,3318,Opravy a údržba vojenských lodí a člunů,Repair and maintenance of military ships and boats
33183,3318,Opravy a údržba vojenských letadel a kosmických lodí,Repair and maintenance of military air and spacecraft
33190,3319,Opravy a údržba ostatních zařízení,Repair and maintenance of other equipment
33200,3320,Instalace průmyslových strojů a zařízení,Installation of industrial machinery and equipment
35110,3511,Výroba elektřiny z neobnovitelných zdrojů,Production of electricity from non-renewable sources
35120,3512,Výroba elektřiny z obnovitelných zdrojů,Production of electricity from renewable sources
35130,3513,Přenos elektřiny,Transmission of electricity
35140,3514,Distribuce elektřiny,Distribution of electricity
35150,3515,Obchod s elektřinou,Trade of electricity
35160,3516,Skladování elektřiny,Storage of electricity
35210,3521,Výroba plynu,Manufacture of gas
35220,3522,Distribuce plynných paliv prostřednictvím sítí,Distribution of gaseous fuels through mains
35230,3523,Obchod s plynem prostřednictvím sítí,Trade of gas through mains
35240,3524,Skladování plynu jako součást služeb síťových dodávek,Storage of gas as part of network supply services
35301,3530,Výroba a distribuce páry,Production and distribution of steam
35302,3530,Výroba a distribuce klimatizovaného vzduchu,Production and distribution of cooled air
35303,3530,Výroba a distribuce chladicí vody,Production and distribution of chilled water
35304,3530,Výrobu ledu pro chladicí účely,Production of ice for cooling purposes
35400,3540,Činnosti makléřů a agentů v oblasti elektrické energie a zemního plynu,Activities of brokers and agents for electric power and natural gas
36000,3600,"Shromažďování, úprava a distribuce vody","Water collection, treatment and supply"
37000,3700,Činnosti související s odpadními vodami,Sewerage
38110,3811,"Sběr odpadů, kromě nebezpečných",Collection of non-hazardous waste
38120,3812,Sběr nebezpečných odpadů,Collection of hazardous waste
38210,3821,Zpracování odpadů k získání materiálů k dalšímu využití,Materials recovery
38220,3822,Zpracování odpadů k energetickému využití,Energy recovery
38230,3823,Zpracování odpadů k ostatnímu využití,Other waste recovery
38310,3831,Spalování odpadů bez energetického využití,Incineration without energy recovery
38320,3832,Skládkování nebo trvalé uložení odpadů,Landfilling or permanent storage
38330,3833,Ostatní odstraňování odpadů,Other waste disposal
39000,3900,Sanace a jiné činnosti související s odpady,Remediation activities and other waste management service activities
41000,4100,Výstavba bytových a nebytových budov,Construction of residential and non-residential buildings
42110,4211,Výstavba silnic a dálnic,Construction of roads and motorways
42120,4212,Výstavba železnic a podzemních drah,Construction of railways and underground railways
42130,4213,Výstavba mostů a tunelů,Construction of bridges and tunnels
42210,4221,Výstavba inženýrských sítí pro kapaliny a plyny,Construction of utility projects for fluids
42220,4222,Výstavba inženýrských sítí pro elektřinu a telekomunikace,Construction of utility projects for electricity and telecommunications
42910,4291,Výstavba vodních děl,Construction of water projects
42990,4299,Výstavba ostatních inženýrských děl j. n.,Construction of other civil engineering projects n.e.c.
43110,4311,Demolice,Demolition
43120,4312,Příprava staveniště,Site preparation
43130,4313,Průzkumné vrtné práce,Test drilling and boring
43210,4321,Elektrické instalace,Electrical installation
43221,4322,"Instalace vodovodních, odpadních a plynových zařízení a rozvodů","Plumbing, drain laying and gas fitting instalation"
43222,4322,"Instalace tepelných, chladicích a klimatizačních zařízení a rozvodů","Heating, ventilation and air-conditioning instalation"
43230,4323,Instalace izolací,Installation of insulation
43240,4324,Ostatní stavební instalace,Other construction installation
43310,4331,Omítkářské práce,Plastering
43320,4332,Truhlářské práce,Joinery installation
43330,4333,Obkládání stěn a pokládání podlahových krytin,Floor and wall covering
43340,4334,"Sklenářské, malířské a natěračské práce",Painting and glazing
43350,4335,Ostatní kompletační a dokončovací stavební práce,Other building completion and finishing
43410,4341,Pokrývačské práce,Roofing activities
43420,4342,Ostatní specializované stavební činnosti při výstavbě budov,Other specialised construction activities in construction of buildings
43500,4350,Specializované stavební činnosti při výstavbě inženýrských děl,Specialised construction activities in civil engineering
43600,4360,Zprostředkování v oblasti specializovaných stavebních činností,Intermediation service activities for specialised construction services
43910,4391,Zednické práce,Masonry and bricklaying activities
43990,4399,Ostatní specializované stavební činnosti j. n.,Other specialised construction activities n.e.c.
46110,4611,"Zprostředkování v oblasti velkoobchodu za provizi se základními zemědělskými produkty, živými zvířaty, textilními surovinami a polotovary","Activities of agents involved in the wholesale of agricultural raw materials, live animals, textile raw materials and semi-finished goods"
46120,4612,"Zprostředkování v oblasti velkoobchodu za provizi s palivy, rudami, kovy a technickými chemikáliemi","Activities of agents involved in the wholesale of fuels, ores, metals and industrial chemicals"
46130,4613,Zprostředkování v oblasti velkoobchodu za provizi se dřevem a stavebními materiály,Activities of agents involved in the wholesale of timber and building materials
46140,4614,"Zprostředkování v oblasti velkoobchodu za provizi se stroji, průmyslovým zařízením, loděmi a letadly","Activities of agents involved in the wholesale of machinery, industrial equipment, ships and aircraft"
46150,4615,"Zprostředkování v oblasti velkoobchodu za provizi s nábytkem, železářským zbožím a potřebami převážně pro domácnost","Activities of agents involved in the wholesale of furniture, household goods, hardware and ironmongery"
46160,4616,"Zprostředkování v oblasti velkoobchodu za provizi s textilem, oděvy, kožešinami, obuví a koženými výrobky","Activities of agents involved in the wholesale of textiles, clothing, fur, footwear and leather goods"
46170,4617,"Zprostředkování v oblasti velkoobchodu za provizi s potravinami, nápoji a tabákovými výrobky","Activities of agents involved in the wholesale of food, beverages and tobacco"
46180,4618,Zprostředkování v oblasti specializovaného velkoobchodu za provizi s ostatním zbožím,Activities of agents involved in the wholesale of other particular products
46190,4619,Zprostředkování v oblasti nespecializovaného velkoobchodu za provizi,Activities of agents involved in non-specialised wholesale
46210,4621,"Velkoobchod s obilím, surovým tabákem, osivy a krmivy","Wholesale of grain, unmanufactured tobacco, seeds and animal feeds"
46220,4622,Velkoobchod s květinami a jinými rostlinami,Wholesale of flowers and plants
46230,4623,Velkoobchod s živými zvířaty,Wholesale of live animals
46240,4624,"Velkoobchod se surovými kůžemi, kožešinami a usněmi","Wholesale of hides, skins and leather"
46310,4631,Velkoobchod s ovocem a zeleninou,Wholesale of fruit and vegetables
46320,4632,"Velkoobchod s masem, masnými výrobky, rybami a rybími výrobky","Wholesale of meat, meat products, fish and fish products"
46330,4633,"Velkoobchod s mléčnými výrobky, vejci, jedlými oleji a tuky","Wholesale of dairy products, eggs and edible oils and fats"
46340,4634,Velkoobchod s nápoji,Wholesale of beverages
46350,4635,Velkoobchod s tabákovými výrobky,Wholesale of tobacco products
46360,4636,"Velkoobchod s cukrem, čokoládou a cukrovinkami","Wholesale of sugar, chocolate and sugar confectionery"
46370,4637,"Velkoobchod s kávou, čajem, kakaem a kořením","Wholesale of coffee, tea, cocoa and spices"
46380,4638,Specializovaný velkoobchod s ostatními potravinami,Wholesale of other food
46390,4639,"Nespecializovaný velkoobchod s potravinami, nápoji a tabákovými výrobky","Non-specialised wholesale of food, beverages and tobacco"
46410,4641,Velkoobchod s textilem,Wholesale of textiles
46420,4642,Velkoobchod s oděvy a obuví,Wholesale of clothing and footwear
46430,4643,Velkoobchod s elektrospotřebiči a elektronikou převážně pro domácnost,Wholesale of electrical household appliances
46440,4644,"Velkoobchod s porcelánovými, keramickými a skleněnými výrobky a čisticími prostředky",Wholesale of china and glassware and cleaning materials
46450,4645,Velkoobchod s parfémy a kosmetickými přípravky,Wholesale of perfume and cosmetics
46460,4646,Velkoobchod s farmaceutickými a zdravotnickými výrobky,Wholesale of pharmaceutical and medical goods
46470,4647,"Velkoobchod s nábytkem, koberci a osvětlovacími zařízeními pro domácnosti, kanceláře a obchody","Wholesale of household, office and shop furniture, carpets and lighting equipment"
46480,4648,"Velkoobchod s hodinami, hodinkami a klenoty",Wholesale of watches and jewellery
46490,4649,Velkoobchod s ostatními výrobky převážně pro domácnost,Wholesale of other household goods
46500,4650,Velkoobchod s počítačovými a komunikačními zařízeními,Wholesale of information and communication equipment
46610,4661,"Velkoobchod se zemědělskými stroji, strojním zařízením a příslušenstvím","Wholesale of agricultural machinery, equipment and supplies"
46620,4662,Velkoobchod s obráběcími stroji,Wholesale of machine tools
46630,4663,Velkoobchod s těžebními a stavebními stroji a zařízením,"Wholesale of mining, construction and civil engineering machinery"
46640,4664,Velkoobchod s ostatními stroji a zařízením,Wholesale of other machinery and equipment
46710,4671,Velkoobchod s motorovými vozidly,Wholesale of motor vehicles
46720,4672,Velkoobchod s díly a příslušenstvím pro motorová vozidla,Wholesale of motor vehicle parts and accessories
46730,4673,Velkoobchod s motocykly a jejich díly a příslušenstvím,"Wholesale of motorcycles, motorcycle parts and accessories"
46810,4681,"Velkoobchod s pevnými, kapalnými a plynnými palivy a příbuznými výrobky","Wholesale of solid, liquid and gaseous fuels and related products"
46820,4682,"Velkoobchod s rudami, kovy a hutními výrobky",Wholesale of metals and metal ores
46830,4683,"Velkoobchod se dřevem, stavebními materiály a sanitárním vybavením","Wholesale of wood, construction materials and sanitary equipment"
46840,4684,Velkoobchod s železářským zbožím a instalatérskými a topenářskými potřebami,"Wholesale of hardware, plumbing and heating equipment and supplies"
46850,4685,Velkoobchod s chemickými výrobky,Wholesale of chemical products
46860,4686,Velkoobchod s ostatními meziprodukty,Wholesale of other intermediate products
46870,4687,Velkoobchod s odpadem a šrotem,Wholesale of waste and scrap
46890,4689,Ostatní specializovaný velkoobchod j. n.,Other specialised wholesale n.e.c.
46900,4690,Nespecializovaný velkoobchod,Non-specialised wholesale trade
47110,4711,"Nespecializovaný maloobchod s převahou potravin, nápojů a tabákových výrobků","Non-specialised retail sale of predominately food, beverages or tobacco"
47120,4712,Ostatní nespecializovaný maloobchod,Other non-specialised retail sale
47210,4721,Maloobchod s ovocem a zeleninou,Retail sale of fruit and vegetables
47220,4722,Maloobchod s masem a masnými výrobky,Retail sale of meat and meat products
47230,4723,"Maloobchod s rybami, korýši a měkkýši","Retail sale of fish, crustaceans and molluscs"
47240,4724,Maloobchod s pekařskými a cukrářskými výrobky a cukrovinkami,"Retail sale of bread, cake and confectionery"
47250,4725,Maloobchod s nápoji,Retail sale of beverages
47260,4726,Maloobchod s tabákovými výrobky,Retail sale of tobacco products
47270,4727,Specializovaný maloobchod s ostatními potravinami,Retail sale of other food
47300,4730,Maloobchod s pohonnými hmotami,Retail sale of automotive fuel
47400,4740,Maloobchod s počítačovým a komunikačním zařízením,Retail sale of information and communication equipment
47510,4751,Maloobchod s textilem,Retail sale of textiles
47520,4752,"Maloobchod s železářským zbožím, stavebními materiály, barvami a sklem","Retail sale of hardware, building materials, paints and glass"
47530,4753,"Maloobchod s koberci, podlahovými krytinami a nástěnnými obklady","Retail sale of carpets, rugs, wall and floor coverings"
47540,4754,Maloobchod s elektrospotřebiči a elektronikou převážně pro domácnost,Retail sale of electrical household appliances
47550,4755,"Maloobchod s nábytkem, osvětlovacími zařízeními, nádobím a ostatními výrobky převážně pro domácnost","Retail sale of furniture, lighting equipment, tableware and other household goods"
47610,4761,Maloobchod s knihami,Retail sale of books
47621,4762,Maloobchod s novinami a ostatními periodickými publikacemi,Retail sale of newspapers and other periodical publications
47622,4762,Maloobchod s papírnickým zbožím,Retail sale of stationery
47630,4763,Maloobchod se sportovním vybavením,Retail sale of sporting equipment
47640,4764,Maloobchod s hrami a hračkami,Retail sale of games and toys
47690,4769,Maloobchod s výrobky pro kulturní rozhled a rekreaci j. n.,Retail sale of cultural and recreational goods n.e.c.
47710,4771,Maloobchod s oděvy,Retail sale of clothing
47720,4772,Maloobchod s obuví a koženými výrobky,Retail sale of footwear and leather goods
47730,4773,Maloobchod s farmaceutickými výrobky,Retail sale of pharmaceutical products
47740,4774,Maloobchod se zdravotnickými a ortopedickými výrobky,Retail sale of medical and orthopaedic goods
47750,4775,Maloobchod s kosmetickými a toaletními výrobky,Retail sale of cosmetic and toilet articles
47760,4776,"Maloobchod s květinami, rostlinami, hnojivy, zvířaty pro zájmový chov a krmivy pro ně","Retail sale of flowers, plants, fertilisers, pets and pet food"
47770,4777,"Maloobchod s hodinami, hodinkami a klenoty",Retail sale of watches and jewellery
47780,4778,Maloobchod s ostatním novým zbožím,Retail sale of other new goods
47791,4779,Maloobchod s použitými knihami a starožitnostmi,Retail sale of second-hand books and antiques
47799,4779,Maloobchod s ostatním použitým zbožím,Retail sale of other second-hand goods
47810,4781,Maloobchod s motorovými vozidly,Retail sale of motor vehicles
47820,4782,Maloobchod s díly a příslušenstvím pro motorová vozidla,Retail sale of motor vehicle parts and accessories
47830,4783,Maloobchod s motocykly a díly a příslušenstvím pro motocykly,"Retail sale of motorcycles, motorcycle parts and accessories"
47910,4791,Zprostředkování v oblasti nespecializovaného maloobchodu,Intermediation service activities for non-specialised retail sale
47920,4792,Zprostředkování v oblasti specializovaného maloobchodu,Intermediation service activities for specialised retail sale
49110,4911,Dálková železniční osobní doprava,Passenger heavy rail transport
49120,4912,Ostatní kolejová osobní doprava,Other passenger rail transport
49200,4920,Kolejová nákladní doprava,Freight rail transport
49310,4931,Pravidelná silniční osobní doprava,Scheduled passenger transport by road
49320,4932,Nepravidelná silniční osobní doprava,Non-scheduled passenger transport by road
49330,4933,Osobní doprava vozidlem s řidičem na vyžádání,On-demand passenger transport service activities by vehicle with driver
49340,4934,Osobní doprava visutými lanovkami a lyžařskými vleky,Passenger transport by cableways and ski lifts
49390,4939,Ostatní pozemní osobní doprava j. n.,Other passenger land transport n.e.c.
49410,4941,Silniční nákladní doprava,Freight transport by road
49420,4942,Stěhovací služby,Removal services
49500,4950,Potrubní doprava,Transport via pipeline
50100,5010,Námořní a pobřežní osobní doprava,Sea and coastal passenger water transport
50200,5020,Námořní a pobřežní nákladní doprava,Sea and coastal freight water transport
50300,5030,Vnitrozemská vodní osobní doprava,Inland passenger water transport
50400,5040,Vnitrozemská vodní nákladní doprava,Inland freight water transport
51100,5110,Letecká osobní doprava,Passenger air transport
51210,5121,Letecká nákladní doprava,Freight air transport
51220,5122,Kosmická doprava,Space transport
52100,5210,Skladování,Warehousing and storage
52210,5221,Činnosti související s pozemní dopravou,Service activities incidental to land transportation
52220,5222,Činnosti související s vodní dopravou,Service activities incidental to water transportation
52230,5223,Činnosti související s leteckou dopravou,Service activities incidental to air transportation
52240,5224,Manipulace s nákladem,Cargo handling
52250,5225,Logistické činnosti,Logistics service activities
52260,5226,Ostatní podpůrné činnosti pro dopravu,Other support activities for transportation
52310,5231,Zprostředkování v oblasti nákladní dopravy,Intermediation service activities for freight transportation
52320,5232,Zprostředkování v oblasti osobní dopravy,Intermediation service activities for passenger transportation
53100,5310,Základní poštovní služby poskytované na základě poštovní licence,Postal activities under universal service obligation
53200,5320,Ostatní poštovní a kurýrní činnosti,Other postal and courier activities
53300,5330,Zprostředkování v oblasti poštovních a kurýrních činností,Intermediation service activities for postal and courier activities
55100,5510,Ubytování v hotelích a podobných ubytovacích zařízeních,Hotels and similar accommodation
55200,5520,Rekreační a ostatní krátkodobé ubytování,Holiday and other short-stay accommodation
55300,5530,Kempy a parkoviště pro rekreační vozidla,Camping grounds and recreational vehicle parks
55400,5540,Zprostředkování v oblasti ubytování,Intermediation service activities for accommodation
55900,5590,Ostatní ubytování,Other accommodation
56110,5611,Poskytování stravování v restauracích,Restaurant activities
56120,5612,Poskytování stravování u stánků a mobilních zařízení,Mobile food service activities
56210,5621,Cateringové činnosti,Event catering activities
56220,5622,Poskytování smluvních a ostatních stravovacích služeb,Contract catering service activities and other food service activities
56300,5630,Podávání nápojů,Beverage serving activities
56400,5640,Zprostředkování v oblasti stravování a podávání nápojů,Intermediation service activities for food and beverage services activities
58110,5811,Vydávání knih,Publishing of books
58121,5812,Vydávání tištěných novin,Publishing of printed newspapers
58122,5812,Vydávání novin v jiných formách než tištěných,Publishing of newspapers in forms other than printed
58131,5813,Vydávání tištěných časopisů,Publishing of printed journals
58132,5813,Vydávání časopisů v jiných formách než tištěných,Publishing of journals in forms other than printed
58139,5813,Vydávání ostatních periodik,Publishing of other periodicals
58190,5819,"Ostatní vydavatelské činnosti, kromě vydávání softwaru","Other publishing activities, except software publishing"
58210,5821,Vydávání videoher,Publishing of video games
58290,5829,Ostatní vydávání softwaru,Other software publishing
59110,5911,"Produkce filmů, videozáznamů a televizních pořadů","Motion picture, video and television programme production activities"
59120,5912,"Postprodukce filmů, videozáznamů a televizních pořadů","Motion picture, video and television programme post-production activities"
59130,5913,Distribuce filmů a videozáznamů,Motion picture and video distribution activities
59140,5914,Promítání filmů,Motion picture projection activities
59200,5920,Pořizování zvukových nahrávek a hudební vydavatelské činnosti,Sound recording and music publishing activities
60101,6010,Rozhlasové vysílání,Radio broadcasting activities
60102,6010,Distribuce zvukových záznamů,Audio distribution activities
60200,6020,"Tvorba televizních programů, televizní vysílání a distribuce videozáznamů","Television programming, broadcasting and video distribution activities"
60310,6031,Činnosti zpravodajských kanceláří a agentur,News agency activities
60390,6039,Ostatní činnosti související s distribucí obsahu,Other content distribution activities
61100,6110,"Činnosti související s kabelovou, bezdrátovou a satelitní telekomunikační sítí","Wired, wireless, and satellite telecommunication activities"
61200,6120,Činnosti v oblasti přeprodeje telekomunikačních služeb a zprostředkování telekomunikačních činností,Telecommunication reselling activities and intermediation service activities for telecommunication
61900,6190,Ostatní telekomunikační činnosti,Other telecommunication activities
62101,6210,"Programování a vývoj počítačových her, herního softwaru a herních nástrojů","Development of video games, video game software, and video game software tools"
62109,6210,Ostatní počítačové programování,Other computer programming activities
62200,6220,Poradenství v oblasti počítačů a správa počítačových systémů,Computer consultancy and computer facilities management activities
62900,6290,Ostatní činnosti v oblasti informačních technologií a počítačů,Other information technology and computer service activities
63100,6310,"Poskytování počítačové infrastruktury, zpracování dat, hosting a související činnosti","Computing infrastructure, data processing, hosting and related activities"
63910,6391,Činnosti webových vyhledávacích portálů,Web search portal activities
63920,6392,Ostatní informační činnosti,Other information service activities
64110,6411,Centrální bankovnictví,Central banking
64190,6419,Ostatní peněžní zprostředkování,Other monetary intermediation
64210,6421,Činnosti holdingových společností,Activities of holding companies
64220,6422,Činnosti účelových finančních společností,Activities of financing conduits
64310,6431,Činnosti investičních fondů peněžního trhu a investičních fondů jiných než peněžního trhu,Activities of money market and non-money market investments funds
64320,6432,"Činnosti svěřenských fondů, majetkových a agenturních účtů","Activities of trust, estate and agency accounts"
64910,6491,Finanční leasing,Financial leasing
64921,6492,"Poskytování spotřebitelských úvěrů společnostmi, které nepřijímají vklady",Granting of consumer credit by non-depository institutions
64922,6492,"Poskytování jiných úvěrů společnostmi, které nepřijímají vklady",Other credit granting by specialised non-depository institutions
64923,6492,Činnosti zastaváren,Activities of pawnbrokers
64924,6492,Faktoringové činnosti,Factoring activities
64929,6492,Ostatní poskytování úvěrů j. n.,Other credit granting n.e.c.
64991,6499,Obchodování s cennými papíry na vlastní účet,Security and derivate dealers operating on own account
64999,6499,"Jiné finanční činnosti, kromě pojišťování a penzijního financování j. n.","All other financial service activities, except insurance and pension funding n.e.c."
65110,6511,Činnosti v oblasti životního pojištění,Life insurance
65120,6512,Činnosti v oblasti neživotního pojištění,Non-life insurance
65200,6520,Zajišťovací činnosti,Reinsurance
65300,6530,Penzijní financování,Pension funding
66110,6611,Řízení a správa finančních trhů,Administration of financial markets
66120,6612,Obchodování s cennými papíry a komoditami na burzách,Security and commodity contracts brokerage
66190,6619,"Ostatní pomocné činnosti k finančním činnostem, kromě pojišťování a penzijního financování","Other activities auxiliary to financial services, except insurance and pension funding"
66210,6621,Vyhodnocování rizik a škod,Risk and damage evaluation
66220,6622,Činnosti pojišťovacích makléřů a agentů,Activities of insurance agents and brokers
66290,6629,Pomocné činnosti k pojišťování a penzijnímu financování j. n.,Activities auxiliary to insurance and pension funding n.e.c.
66300,6630,Správa fondů,Fund management activities
68110,6811,Nákup a následný prodej vlastních nemovitostí,Buying and selling of own real estate
68120,6812,Developerské činnosti,Development of building projects
68200,6820,Pronájem a správa vlastních nebo pronajatých nemovitostí,Rental and operating of own or leased real estate
68310,6831,Zprostředkování v oblasti nemovitostí,Intermediation service activities for real estate activities
68320,6832,Ostatní činnosti v oblasti nemovitostí na základě smlouvy nebo dohody,Other real estate activities on a fee or contract basis
69100,6910,Právní činnosti,Legal activities
69200,6920,Účetnické a auditorské činnosti; daňové poradenství,"Accounting, bookkeeping and auditing activities; tax consultancy"
70100,7010,Činnosti řízení podniků,Activities of head offices
70200,7020,Poradenství v oblasti podnikání a řízení podniků,Business and other management consultancy activities
71110,7111,Architektonické činnosti,Architectural activities
71120,7112,Inženýrské činnosti a související technické poradenství,Engineering activities and related technical consultancy
71200,7120,Technické zkoušky a analýzy,Technical testing and analysis
72100,7210,Výzkum a vývoj v oblasti přírodních a technických věd,Research and experimental development on natural sciences and engineering
72200,7220,Výzkum a vývoj v oblasti společenských a humanitních věd,Research and experimental development on social sciences and humanities
73110,7311,Činnosti reklamních agentur,Activities of advertising agencies
73120,7312,Zastupování médií při prodeji reklamního času a prostoru,Media representation
73200,7320,Průzkum trhu a veřejného mínění,Market research and public opinion polling
73300,7330,Činnosti v oblasti vztahů s veřejností a komunikace,Public relations and communication activities
74111,7411,Činnosti v oblasti průmyslového designu,Industrial product design activities
74112,7411,Činnosti v oblasti módního designu,Fashion design activities
74120,7412,Činnosti v oblasti grafického designu a vizuální komunikace,Graphic design and visual communication activities
74130,7413,Navrhování interiérů,Interior design activities
74140,7414,Ostatní specializované návrhářské činnosti,Other specialised design activities
74200,7420,Fotografické činnosti,Photographic activities
74300,7430,Překladatelské a tlumočnické činnosti,Translation and interpretation activities
74910,7491,Činnosti v oblasti zprostředkování a marketingu patentů,Patent brokering and marketing service activities
74990,7499,"Všechny ostatní odborné, vědecké a technické činnosti j. n.","All other professional, scientific and technical activities n.e.c."
75000,7500,Veterinární činnosti,Veterinary activities
77110,7711,Pronájem a leasing osobních automobilů a lehkých motorových vozidel,Rental and leasing of cars and light motor vehicles
77120,7712,Pronájem a leasing nákladních automobilů,Rental and leasing of trucks
77210,7721,Pronájem a leasing rekreačních a sportovních potřeb,Rental and leasing of recreational and sports goods
77220,7722,Pronájem a leasing ostatních výrobků pro osobní potřebu a převážně pro domácnost,Rental and leasing of other personal and household goods
77310,7731,Pronájem a leasing zemědělských strojů a zařízení,Rental and leasing of agricultural machinery and equipment
77320,7732,Pronájem a leasing stavebních strojů a zařízení,Rental and leasing of construction and civil engineering machinery and equipment
77330,7733,"Pronájem a leasing kancelářských strojů a zařízení, včetně počítačů","Rental and leasing of office machinery, equipment and computers"
77340,7734,Pronájem a leasing vodních dopravních prostředků,Rental and leasing of water transport equipment
77350,7735,Pronájem a leasing leteckých dopravních prostředků,Rental and leasing of air transport equipment
77390,7739,"Pronájem a leasing ostatních strojů, zařízení a hmotných statků j. n.","Rental and leasing of other machinery, equipment and tangible goods n.e.c."
77400,7740,"Leasing duševního vlastnictví a podobných produktů, kromě děl chráněných autorským právem","Leasing of intellectual property and similar products, except copyrighted works"
77510,7751,"Zprostředkování v oblasti pronájmu a leasingu automobilů, obytných automobilů a přívěsů","Intermediation service activities for rental and leasing of cars, motorhomes and trailers"
77520,7752,Zprostředkování v oblasti pronájmu a leasingu jiných hmotných statků a nefinančních nehmotných aktiv,Intermediation service activities for rental and leasing of other tangible goods and non-financial intangible assets
78100,7810,Činnosti agentur zprostředkujících zaměstnání,Activities of employment placement agencies
78200,7820,Činnosti agentur zprostředkujících práci na přechodnou dobu a ostatní poskytování lidských zdrojů,Temporary employment agency activities and other human resource provisions
79110,7911,Činnosti cestovních agentur,Travel agency activities
79120,7912,Činnosti cestovních kanceláří,Tour operator activities
79900,7990,Ostatní rezervační a související činnosti,Other reservation service and related activities
80010,8001,Pátrací činnosti a činnosti soukromých bezpečnostních agentur,Investigation and private security activities
80090,8009,Bezpečnostní činnosti j. n.,Security activities n.e.c.
81100,8110,Kombinované podpůrné činnosti,Combined facilities support activities
81210,8121,Všeobecný úklid budov,General cleaning of buildings
81220,8122,Specializované čištění a úklid budov a průmyslových zařízení,Other building and industrial cleaning activities
81230,8123,Ostatní úklidové činnosti,Other cleaning activities
81300,8130,Činnosti související s úpravou krajiny,Landscape service activities
82100,8210,Administrativní a kancelářské činnosti,Office administrative and support activities
82200,8220,Činnosti call center,Activities of call centres
82300,8230,Pořádání kongresů a veletrhů,Organisation of conventions and trade shows
82400,8240,Zprostředkování v oblasti podpůrných činností pro podnikání j. n.,Intermediation service activities for business support service activities n.e.c.
82910,8291,"Inkasní činnosti, ověřování solventnosti zákazníka",Activities of collection agencies and credit bureaus
82920,8292,Balicí činnosti,Packaging activities
82990,8299,Ostatní podpůrné činnosti pro podnikání j. n.,Other business support service activities n.e.c.
84110,8411,Všeobecné činnosti veřejné správy,General public administration activities
84121,8412,Regulace činností souvisejících s poskytováním zdravotní péče,Regulation of health care
84122,8412,Regulace činností souvisejících se vzděláváním,Regulation of education
84123,8412,Regulace činností souvisejících s kulturou,Regulation of cultural services
84124,8412,Regulace činností souvisejících se sportem,Regulation of sports
84125,8412,"Regulace činností souvisejících s poskytováním sociální péče, kromě povinného sociálního zabezpečení","Regulation of social services, except compulsory social security activities"
84129,8412,Regulace činností souvisejících s poskytováním ostatních služeb pro společnost j. n.,Regulation of other social services n.e.c.
84130,8413,Regulace a podpora podnikatelského prostředí,Regulation of and contribution to more efficient operation of businesses
84210,8421,Činnosti v oblasti zahraničních věcí,Foreign affairs
84220,8422,Činnosti v oblasti obrany,Defence activities
84230,8423,Činnosti v oblasti spravedlnosti a soudnictví,Justice and judicial activities
84240,8424,Činnosti v oblasti veřejného pořádku a bezpečnosti,Public order and safety activities
84250,8425,Činnosti v oblasti požární ochrany,Fire service activities
84300,8430,Činnosti v oblasti povinného sociální zabezpečení,Compulsory social security activities
85100,8510,Preprimární vzdělávání,Pre-primary education
85200,8520,Primární vzdělávání,Primary education
85311,8531,Sekundární všeobecné vzdělávání na druhém stupni základních škol,General secondary education in upper grades of basic schools
85312,8531,Sekundární všeobecné vzdělávání na středních školách,General secondary education in secondary schools
85321,8532,Sekundární odborné vzdělávání v uměleckých oborech,Vocational secondary education in the arts
85322,8532,Sekundární odborné vzdělávání bez maturitní zkoušky v jiných než uměleckých oborech,Vocational secondary education without A-level examination other than in the arts
85323,8532,Sekundární odborné vzdělávání s maturitní zkouškou v jiných než uměleckých oborech,Vocational secondary education with A-level examination other than in the arts
85330,8533,Postsekundární neterciární vzdělávání,Post-secondary non-tertiary education
85401,8540,Terciární vzdělávání v uměleckých oborech,Tertiary education in the arts
85402,8540,Terciární vzdělávání v jiných než uměleckých oborech,Tertiary education other than in the arts
85510,8551,Sportovní a rekreační vzdělávání,Sports and recreation education
85520,8552,Umělecké vzdělávání,Cultural education
85530,8553,Činnosti autoškol,Driving school activities
85591,8559,Vzdělávání v jazykových školách,Language school education
85599,8559,Jiné vzdělávání j. n.,All other education n.e.c.
85610,8561,Zprostředkování v oblasti vzdělávání,Intermediation service activities for courses and tutors
85690,8569,Podpůrné činnosti v oblasti vzdělávání j. n.,Educational support activities n.e.c.
86100,8610,Lůžková zdravotní péče,Hospital activities
86210,8621,Všeobecná ambulantní zdravotní péče,General medical practice activities
86220,8622,Specializovaná ambulantní zdravotní péče,Medical specialists activities
86230,8623,Zubní péče,Dental practice care activities
86910,8691,Činnosti související s diagnostickým zobrazováním a zdravotnické laboratorní činnosti,Diagnostic imaging services and medical laboratory activities
86920,8692,Přeprava pacientů vozidly zdravotnické dopravní služby,Patient transportation by ambulance
86930,8693,"Činnosti psychologů a psychoterapeutů, kromě lékařů","Activities of psychologists and psychotherapists, except medical doctors"
86940,8694,Ošetřovatelské činnosti a činnosti porodních asistentek,Nursing and midwifery activities
86950,8695,Činnosti fyzioterapeutů,Physiotherapy activities
86960,8696,"Činnosti v oblasti tradiční, doplňkové a alternativní medicíny","Traditional, complementary and alternative medicine activities"
86970,8697,Zprostředkování v oblasti zdravotní péče,"Intermediation service activities for medical, dental and other human health services"
86990,8699,Ostatní činnosti související se zdravotní péčí j. n.,Other human health activities n.e.c.
87100,8710,Pobytové služby sociální péče ve zdravotnických zařízeních lůžkové péče,Residential nursing care activities
87200,8720,"Pobytové služby sociální péče pro osoby s duševním onemocněním, mentálním postižením nebo osoby závislé na návykových látkách",Residential care activities for persons living with or having a diagnosis of a mental illness or substance abuse
87300,8730,Pobytové služby sociální péče pro seniory nebo osoby s fyzickým nebo smyslovým postižením,Residential care activities for older persons or persons with physical disabilities
87910,8791,Zprostředkování v oblasti pobytových služeb sociální péče,Intermediation service activities for residential care activities
87990,8799,Ostatní pobytové služby sociální péče j. n.,Other residential care activities n.e.c.
88100,8810,Ambulantní nebo terénní sociální služby pro seniory nebo osoby se zdravotním postižením,Social work activities without accommodation for older persons or persons with disabilities
88910,8891,Služby pro děti,Child day-care activities
88990,8899,Ostatní ambulantní nebo terénní sociální služby j. n.,Other social work activities without accommodation n.e.c.
90111,9011,Literární tvorba,Literary creation activities
90112,9011,Hudební tvorba,Musical composition activities
90120,9012,Výtvarná tvorba,Visual arts creation activities
90130,9013,Ostatní umělecká tvorba,Other arts creation activities
90200,9020,Činnosti v oblasti scénických umění,Activities of performing arts
90310,9031,Provozování kulturních zařízení a areálů,Operation of arts facilities and sites
90390,9039,Ostatní podpůrné činnosti pro uměleckou tvorbu a scénická umění,Other support activities to arts and performing arts
91110,9111,Činnosti knihoven,Library activities
91120,9112,Činnosti archivů,Archive activities
91210,9121,Činnosti muzeí a galerií,Museum and collection activities
91220,9122,Provozování historických a kulturních památek,Historical site and monument activities
91300,9130,"Konzervování, restaurování a jiné podpůrné činnosti pro kulturní dědictví","Conservation, restoration and other support activities for cultural heritage"
91410,9141,Činnosti botanických a zoologických zahrad,Botanical and zoological garden activities
91420,9142,Činnosti přírodních rezervací a národních parků,Nature reserve activities
92000,9200,"Činnosti heren, kasin a sázkových kanceláří",Gambling and betting activities
93110,9311,Provozování sportovních zařízení,Operation of sports facilities
93120,9312,Činnosti sportovních klubů,Activities of sports clubs
93130,9313,Činnosti fitcenter,Activities of fitness centres
93190,9319,Činnosti v oblasti sportu j. n.,Sports activities n.e.c.
93210,9321,Činnosti zábavních parků,Activities of amusement parks and theme parks
93290,9329,Činnosti v oblasti zábavy a rekreace j. n.,Amusement and recreation activities n.e.c.
94110,9411,Činnosti podnikatelských a zaměstnavatelských organizací,Activities of business and employers membership organisations
94120,9412,Činnosti profesních organizací,Activities of professional membership organisations
94200,9420,Činnosti odborových svazů,Activities of trade unions
94910,9491,Činnosti náboženských organizací,Activities of religious organisations
94920,9492,Činnosti politických organizací,Activities of political organisations
94991,9499,Činnosti organizací dětí a mládeže,Activities of associations of youth
94992,9499,Činnosti organizací na podporu kulturní činnosti,Activities of associations for the pursuit of a cultural activities
94993,9499,Činnosti organizací na podporu rekreační a zájmové činnosti,Activities of associations for the pursuit of a recreational activities or hobby
94994,9499,Činnosti spotřebitelských organizací,Activities of consumer associations
94995,9499,Činnosti environmentálních a ekologických hnutí,Activities of environmental and ecological movements
94996,9499,"Činnosti organizací na ochranu a zlepšení postavení etnických, menšinových a jiných speciálních skupin","Activities of organisations for the protection and betterment of special groups, e.g. ethnic, minority groups or others"
94997,9499,"Činnosti občanských iniciativ, protestních hnutí",Activities of citizens initiative or protest movements
94999,9499,Činnosti jiných organizací sdružujících osoby za účelem prosazování společných a veřejných zájmů j. n.,Activities of all other membership organisations n.e.c.
95100,9510,Opravy a údržba počítačů a komunikačních zařízení,Repair and maintenance of computers and communication equipment
95210,9521,Opravy a údržba spotřební elektroniky,Repair and maintenance of consumer electronics
95220,9522,"Opravy a údržba přístrojů a zařízení převážně pro domácnost, dům a zahradu",Repair and maintenance of household appliances and home and garden equipment
95230,9523,Opravy a údržba obuvi a kožených výrobků,Repair and maintenance of footwear and leather goods
95240,9524,Opravy a údržba nábytku a bytového zařízení,Repair and maintenance of furniture and home furnishings
95250,9525,"Opravy a údržba hodin, hodinek a klenotů","Repair and maintenance of watches, clocks and jewellery"
95290,9529,Opravy a údržba výrobků pro osobní potřebu a převážně pro domácnost j. n.,Repair and maintenance of personal and household goods n.e.c.
95310,9531,Opravy a údržba motorových vozidel,Repair and maintenance of motor vehicles
95320,9532,Opravy a údržba motocyklů,Repair and maintenance of motorcycles
95400,9540,"Zprostředkování v oblasti oprav a údržby počítačů, výrobků pro osobní potřebu a převážně pro domácnost a motorových vozidel a motocyklů","Intermediation service activities for repair and maintenance of computers, personal and household goods, and motor vehicles and motorcycles"
96101,9610,Praní a čištění textilních a kožešinových výrobků pro oblast zdravotnictví,Washing and cleaning of textile and fur products for health care
96102,9610,Praní a čištění textilních a kožešinových výrobků pro oblast ubytování a stravování,Washing and cleaning of textile and fur products for accomodation and food service
96103,9610,Praní a čištění textilních a kožešinových výrobků pro jiné oblasti podnikání,Washing and cleaning of textile and fur products for other industrial or commercial clients
96104,9610,Praní a čištění textilních a kožešinových výrobků pro veřejnost,Other washing and cleaning of textile and fur products for the general public
96210,9621,Kadeřnické a holičské činnosti,Hairdressing and barber activities
96220,9622,Kosmetické a podobné činnosti,Beauty care and other beauty treatment activities
96230,9623,"Činnosti denních lázní, saun a parních lázní","Day spa, sauna and steam bath activities"
96300,9630,Pohřební a související činnosti,Funeral and related activities
96400,9640,Zprostředkování v oblasti osobních služeb,Intermediation service activities for personal services
96910,9691,Poskytování osobních služeb v domácnostech,Provision of domestic personal service activities
96990,9699,Poskytování ostatních osobních služeb j. n.,Other personal service activities n.e.c.
97000,9700,Činnosti domácností jako zaměstnavatelů domácího personálu,Activities of households as employers of domestic personnel
98100,9810,Činnosti domácností produkujících blíže neurčené výrobky pro vlastní potřebu,Undifferentiated goods-producing activities of private households for own use
98200,9820,Činnosti domácností poskytujících blíže neurčené služby pro vlastní potřebu,Undifferentiated service-producing activities of private households for own use
99000,9900,Činnosti exteritoriálních organizací a institucí,Activities of extraterritorial organisations and bodies
